usuario,texto,entidade_mencionada,score_sentimento
7d582411-e617-4105-8edf-bca7ee066eca,gostei bastante da decoração,Decoracao,0.4215
e20a2ffa-39db-4246-8766-1c3a6ddc4c7e,credenciamento organizado,Credenciamento,0.0
a6ec5f50-aa66-4ad4-8b97-10a6f9eacaad,cachorro cupuaçu,Cachorro,0.0
e20a2ffa-39db-4246-8766-1c3a6ddc4c7e,decoração muito boa,Decoracao,0.4588
e2b6d403-470e-4752-8767-48575bb10c67,bom evento ai galera,Secom,0.0516
15ae4086-4952-4aac-a16b-5c2852e5e523,tá cedo pra querer saber qual é o shampoo do patrick,Patrick,0.0
15ae4086-4952-4aac-a16b-5c2852e5e523,tá cedo pra querer saber qual é o shampoo do patrick,Shampoo,0.0
86cc2ad1-6ef4-4b63-8d8f-c512cc96589d,"estou me sentindo na renner com a playlist 
bom dms",Renner,0.4588
86cc2ad1-6ef4-4b63-8d8f-c512cc96589d,"estou me sentindo na renner com a playlist 
bom dms",Playlist,0.4588
86cc2ad1-6ef4-4b63-8d8f-c512cc96589d,"estou me sentindo na renner com a playlist 
bom dms",Dms,0.4588
15ae4086-4952-4aac-a16b-5c2852e5e523,quem vai me passar a playlist dessa abertura aí,Abertura,-0.1027
15ae4086-4952-4aac-a16b-5c2852e5e523,quem vai me passar a playlist dessa abertura aí,Playlist,-0.1027
15ae4086-4952-4aac-a16b-5c2852e5e523,"devia ter um jeito de ver todos os comentários, isso é paias",Secom,0.0
15ae4086-4952-4aac-a16b-5c2852e5e523,"devia ter um jeito de ver todos os comentários, isso é paias",Pao,0.0
226440c8-ce0c-42b8-a37b-8435e915955d,animada para a secom,Secom,-0.1531
d13dce39-51a4-4170-8b39-f06cb1f6adf6,ansiosa para o coffee break,Break,-0.1531
d13dce39-51a4-4170-8b39-f06cb1f6adf6,ansiosa para o coffee break,Coffee,-0.1531
4a38eef3-4375-45b4-b386-649cb518c20b,to com fome ja gente kkkkk,Fome,-0.4404
d13dce39-51a4-4170-8b39-f06cb1f6adf6,estou super animada para a secom,Secom,0.5106
4a38eef3-4375-45b4-b386-649cb518c20b,"os novos comentários do pessoal não estão mostrando pra mim, paias",Pao,-0.296
4a38eef3-4375-45b4-b386-649cb518c20b,"os novos comentários do pessoal não estão mostrando pra mim, paias",Pessoas,-0.296
a9d36446-c85c-43d3-bccf-8084d2231951,gostei muito da organização,Secom,0.4215
a9d36446-c85c-43d3-bccf-8084d2231951,da apresentação de abertura,Abertura,0.34
a9d36446-c85c-43d3-bccf-8084d2231951,da apresentação de abertura,Palestras,0.34
f436cb6f-b331-4a0c-ba41-567a1f74ef05,a decoração esta incrivel,Decoracao,0.6705
7568d4e3-7c42-4c07-9246-161f8f144017,muito bom as palmas para a gláucia,Secom,0.34
7568d4e3-7c42-4c07-9246-161f8f144017,muito bom as palmas para a gláucia,Glaucia,0.34
7568d4e3-7c42-4c07-9246-161f8f144017,o para o nacif,Nacif,-0.1531
f436cb6f-b331-4a0c-ba41-567a1f74ef05,ansioso para a gamejam,Gamejam,0.2263
12c8e1ec-c662-415a-b106-b64ccb7ece3f,muito legal o projeto da gamehub,Gamehub,0.128
12c8e1ec-c662-415a-b106-b64ccb7ece3f,muito legal o projeto da gamehub,Projeto,0.128
7568d4e3-7c42-4c07-9246-161f8f144017,opções duplicadas no questionário de avaliação do my mobiconf,Secom,0.0
7568d4e3-7c42-4c07-9246-161f8f144017,opções duplicadas no questionário de avaliação do my mobiconf,Perguntas,0.0
7568d4e3-7c42-4c07-9246-161f8f144017,opções duplicadas no questionário de avaliação do my mobiconf,Opcoes,0.0
7568d4e3-7c42-4c07-9246-161f8f144017,opções duplicadas no questionário de avaliação do my mobiconf,Mobi,0.0
219bdf7f-fa3a-4d8f-9e33-b83980cc7afb,time aseta➡️,Tarde,0.0
03164614-b683-45b1-98f0-7179e65cd4ed,"achei o fotógrafo muito charmoso, alguém sabe me falar qual o nome dele",Fotografo,0.0772
03164614-b683-45b1-98f0-7179e65cd4ed,"achei o fotógrafo muito charmoso, alguém sabe me falar qual o nome dele",Nome,0.0772
12c8e1ec-c662-415a-b106-b64ccb7ece3f,parabéns aos professores daniel,Professores,0.5994
12c8e1ec-c662-415a-b106-b64ccb7ece3f,philipe pelo projeto,Philipe,0.0
12c8e1ec-c662-415a-b106-b64ccb7ece3f,philipe pelo projeto,Projeto,0.0
12c8e1ec-c662-415a-b106-b64ccb7ece3f,os alunos envolvidos,Curso,0.0
219bdf7f-fa3a-4d8f-9e33-b83980cc7afb,cofe breaqui,Trabalho,0.0
226440c8-ce0c-42b8-a37b-8435e915955d,adorei o tema da gamejan,Secom,0.0
226440c8-ce0c-42b8-a37b-8435e915955d,adorei o tema da gamejan,Gamejam,0.0
19f49226-5a60-463b-85d3-ac562e4eddc4,tema da gamejam muito daora,Secom,0.0
19f49226-5a60-463b-85d3-ac562e4eddc4,tema da gamejam muito daora,Gamejam,0.0
19f49226-5a60-463b-85d3-ac562e4eddc4,projeto incrível organizado pelo daniel,Philipe,0.6705
19f49226-5a60-463b-85d3-ac562e4eddc4,projeto incrível organizado pelo daniel,Projeto,0.6705
19f49226-5a60-463b-85d3-ac562e4eddc4,philipe,Philipe,0.0
c9e2374f-bf33-4003-b871-6ecb5ae22aee,coffee break muito bom,Break,0.4588
3e72f254-acab-4aec-ad73-bf9dff9c21ad,muito bom o coffe break,Coffe,0.4588
4a38eef3-4375-45b4-b386-649cb518c20b,"coffee break ótimo, to de bucho cheio",Secom,0.6705
4a38eef3-4375-45b4-b386-649cb518c20b,"coffee break ótimo, to de bucho cheio",Break,0.6705
86cb75a4-c315-4d9a-9289-8ea110fc8799,assunto interessante,Secom,0.4019
8f4c1ec8-e5ed-4ce2-90f1-84bbab673805,ihc é uma area super interessante,Secom,0.765
8f4c1ec8-e5ed-4ce2-90f1-84bbab673805,ihc é uma area super interessante,Secom,0.765
47cacf3f-e0f2-421b-a645-5e0efd6cc615,"feliz demais em ter vindo varado de fome pra essa abertura, que coffe break",Coffe,0.5574
47cacf3f-e0f2-421b-a645-5e0efd6cc615,"feliz demais em ter vindo varado de fome pra essa abertura, que coffe break",Abertura,0.5574
47cacf3f-e0f2-421b-a645-5e0efd6cc615,"feliz demais em ter vindo varado de fome pra essa abertura, que coffe break",Fome,0.5574
a9d36446-c85c-43d3-bccf-8084d2231951,apresentação de ia muito boa,Palestras,0.4588
03164614-b683-45b1-98f0-7179e65cd4ed,queria mais atenção do fotógrafo,Secom,-0.34
03164614-b683-45b1-98f0-7179e65cd4ed,queria mais atenção do fotógrafo,Fotografo,-0.34
7d582411-e617-4105-8edf-bca7ee066eca,gostei dos temas das palestras,Secom,0.4215
7d582411-e617-4105-8edf-bca7ee066eca,gostei dos temas das palestras,Palestras,0.4215
43aca24c-d788-497e-8521-06df728eeaf8,animado pra gamejam,Gamejam,0.4404
99899b5a-eb3d-4d67-a64f-a143f824a709,"a ""pressão por lucros"" não impede a aplicação da ética apenas na ia – impede em tudo",Secom,-0.128
99899b5a-eb3d-4d67-a64f-a143f824a709,"a ""pressão por lucros"" não impede a aplicação da ética apenas na ia – impede em tudo",Etica,-0.128
99899b5a-eb3d-4d67-a64f-a143f824a709,"a ""pressão por lucros"" não impede a aplicação da ética apenas na ia – impede em tudo",Valorant,-0.128
99899b5a-eb3d-4d67-a64f-a143f824a709,"a ""pressão por lucros"" não impede a aplicação da ética apenas na ia – impede em tudo",Espera,-0.128
3d6d0870-4d2b-4b19-942d-fa56cf8cbad9,a nova interface,Interface,0.0
3d6d0870-4d2b-4b19-942d-fa56cf8cbad9,funcionalidades do my mobi conf ficaram ótimas,Secom,0.6705
3d6d0870-4d2b-4b19-942d-fa56cf8cbad9,funcionalidades do my mobi conf ficaram ótimas,Programacao,0.6705
3d6d0870-4d2b-4b19-942d-fa56cf8cbad9,funcionalidades do my mobi conf ficaram ótimas,Mobi,0.6705
37ec55d9-b848-47bd-9a33-f64afd2dd867,mto bom,Mto,0.4588
5bc436a4-ec67-4216-87a7-d9152877d21f,adorei a palestra,Palestras,0.0
a6ec5f50-aa66-4ad4-8b97-10a6f9eacaad,seria legal se tivesse uma aba pra ver todos os comentários  :(,Secom,-0.34
e2b6d403-470e-4752-8767-48575bb10c67,seria bom ter a opção de ler todos os comentários,Opcao,0.4588
66333d64-e1a9-407d-b5ec-e97640fc0bfc,"gostei muito da palestra, esse tema da ética nas ia's é muito relevante, não só pra nós estudantes,",Secom,0.1531
66333d64-e1a9-407d-b5ec-e97640fc0bfc,"gostei muito da palestra, esse tema da ética nas ia's é muito relevante, não só pra nós estudantes,",Etica,0.1531
66333d64-e1a9-407d-b5ec-e97640fc0bfc,"gostei muito da palestra, esse tema da ética nas ia's é muito relevante, não só pra nós estudantes,",Curso,0.1531
66333d64-e1a9-407d-b5ec-e97640fc0bfc,"gostei muito da palestra, esse tema da ética nas ia's é muito relevante, não só pra nós estudantes,",Palestras,0.1531
66333d64-e1a9-407d-b5ec-e97640fc0bfc,também pra sociedade,Pessoas,0.0
43aca24c-d788-497e-8521-06df728eeaf8,coffee break de respeito viu,Break,0.3182
43aca24c-d788-497e-8521-06df728eeaf8,coffee break de respeito viu,Respeito,0.3182
8b532002-32a9-47b8-a068-f68ebed037cd,o auditório tá meio frio,Frio,0.0
8b532002-32a9-47b8-a068-f68ebed037cd,o auditório tá meio frio,Auditorio,0.0
8b532002-32a9-47b8-a068-f68ebed037cd,"se pá, tlg",Secom,0.0
9ac1b61d-2b3d-4c00-9a56-6a31d2be082b,animado para a próxima palestra,Palestras,0.3182
b843c3db-fc8f-45a6-8322-19b87391fa20,vamos manter o foco,Foco,0.0
b843c3db-fc8f-45a6-8322-19b87391fa20,"a ética sempre que utilizarmos ias, evitando sempre deixar que ela faça tudo por nós",Secom,-0.1027
b843c3db-fc8f-45a6-8322-19b87391fa20,"a ética sempre que utilizarmos ias, evitando sempre deixar que ela faça tudo por nós",Etica,-0.1027
2841ae4b-ef6a-4661-94a3-9777a70ec034,esse coffee break é covardia,Break,0.0
2841ae4b-ef6a-4661-94a3-9777a70ec034,esse coffee break é covardia,Coffee,0.0
2841ae4b-ef6a-4661-94a3-9777a70ec034,camisa legal,Camisa,0.128
45025e25-714c-447c-ad00-3f2880882d2b,as palestras tão boa,Palestras,0.5095
45025e25-714c-447c-ad00-3f2880882d2b,esse coffe break é covardia,Coffe,0.0
45025e25-714c-447c-ad00-3f2880882d2b,alguém sabe qual o shampoo o nacif usa,Shampoo,0.0
45025e25-714c-447c-ad00-3f2880882d2b,alguém sabe qual o shampoo o nacif usa,Nacif,0.0
32724cee-7c33-4b98-a90c-4d0203f9d84a,no futuro a ia poderá tira o trabalho em certas áreas da computação,Trabalho,0.0
32724cee-7c33-4b98-a90c-4d0203f9d84a,no futuro a ia poderá tira o trabalho em certas áreas da computação,Futuro,0.0
32724cee-7c33-4b98-a90c-4d0203f9d84a,no futuro a ia poderá tira o trabalho em certas áreas da computação,Computacao,0.0
32724cee-7c33-4b98-a90c-4d0203f9d84a,no futuro a ia poderá tira o trabalho em certas áreas da computação,Areas,0.0
32724cee-7c33-4b98-a90c-4d0203f9d84a,"qual séria a próxima geração da ia , se a de hoje é a ia genérativa",Secom,0.0
9764ca16-8169-496a-86f2-8b5413a49083,gostei muito da organização do evento,Secom,0.4215
b062d0fa-ab85-4add-a5ec-4129e1e22c4c,adorei a organização da secom,Secom,0.0
66333d64-e1a9-407d-b5ec-e97640fc0bfc,o ar-condicionado está muito gelado,Ar-condicionado,0.0
667d742e-3fdf-457b-b63c-7a8befc9bee4,o coffee break tava muito bom,Break,0.4588
667d742e-3fdf-457b-b63c-7a8befc9bee4,o coffee break tava muito bom,Coffee,0.4588
c922b921-1305-4fe3-b76c-649887d97eb4,a palestra foi muito boa,Palestras,0.4588
c922b921-1305-4fe3-b76c-649887d97eb4,deveriam ler mais perguntas,Perguntas,0.0
667d742e-3fdf-457b-b63c-7a8befc9bee4,animado para a palestra das 14 horas,Palestras,0.3182
667d742e-3fdf-457b-b63c-7a8befc9bee4,animado para a palestra das 14 horas,Tarde,0.3182
47cacf3f-e0f2-421b-a645-5e0efd6cc615,rapaziada muito linda do mymobiconf,Myito,0.5423
0b3e0f11-e393-4fb7-9c3b-1fa8ad9b3176,palestras mt boas,Palestras,0.4588
219bdf7f-fa3a-4d8f-9e33-b83980cc7afb,sorteia um abadá do mymobconf😭😭😭😭,Secom,0.0
219bdf7f-fa3a-4d8f-9e33-b83980cc7afb,sorteia um abadá do mymobconf😭😭😭😭,Myito,0.0
9aa2b218-1ce5-4019-8e59-cefd44bc9866,vamos trojan,Trojan,0.0
d0881343-b903-4573-aee3-c821f2e201de,as palestras estão muito boas,Palestras,0.4588
91c06250-9999-4019-95bb-12b3cfebb7ca,"muito bacana ter várias pessoas que já se formaram, aqui novamente na
ufv",Pessoas,0.0
d0881343-b903-4573-aee3-c821f2e201de,ansioso para ver como vai ser a maratona,Maratona,0.2263
daac9055-17a0-4775-bb21-9c0add9d45ec,muito legal o tema da mesa redonda,Secom,0.128
daac9055-17a0-4775-bb21-9c0add9d45ec,muito legal o tema da mesa redonda,Mesa,0.128
3e72f254-acab-4aec-ad73-bf9dff9c21ad,ansiosa pela maratona,Maratona,0.0
30a1d1e4-da0d-4f67-9908-6bc16a47ebc4,gostei muito do desenvolvimento do app nesses 3 anos que conheci,App,0.4215
30a1d1e4-da0d-4f67-9908-6bc16a47ebc4,gostei muito do desenvolvimento do app nesses 3 anos que conheci,Projeto,0.4215
30a1d1e4-da0d-4f67-9908-6bc16a47ebc4,gostei muito do desenvolvimento do app nesses 3 anos que conheci,Tarde,0.4215
98d481f0-cfc5-4976-9bfb-61e179be6958,"o tema da mesa redonda foi muito bom, um tema muito importante para todo estudante que está querendo ingressar no mercado de trabalho",Secom,0.5719
98d481f0-cfc5-4976-9bfb-61e179be6958,"o tema da mesa redonda foi muito bom, um tema muito importante para todo estudante que está querendo ingressar no mercado de trabalho",Mercado,0.5719
98d481f0-cfc5-4976-9bfb-61e179be6958,"o tema da mesa redonda foi muito bom, um tema muito importante para todo estudante que está querendo ingressar no mercado de trabalho",Curso,0.5719
98d481f0-cfc5-4976-9bfb-61e179be6958,"o tema da mesa redonda foi muito bom, um tema muito importante para todo estudante que está querendo ingressar no mercado de trabalho",Trabalho,0.5719
98d481f0-cfc5-4976-9bfb-61e179be6958,"o tema da mesa redonda foi muito bom, um tema muito importante para todo estudante que está querendo ingressar no mercado de trabalho",Mesa,0.5719
9cd6db67-067e-45e7-8db9-db3f3a10afc6,"o tema escolhido caiu direitinho, pois nós que estamos preste a formar temos essas dúvidas",Secom,-0.6908
d51c3bbb-185b-4a34-848a-607621bd7cc2,muito bom essa mesa redonda,Mesa,0.4588
bd6291a1-9381-4303-8619-d1612876e850,palestra muito educativa para entender melhor a visão de dentro do mercado de trabalho,Secom,0.5267
bd6291a1-9381-4303-8619-d1612876e850,palestra muito educativa para entender melhor a visão de dentro do mercado de trabalho,Trabalho,0.5267
bd6291a1-9381-4303-8619-d1612876e850,palestra muito educativa para entender melhor a visão de dentro do mercado de trabalho,Mercado,0.5267
98d481f0-cfc5-4976-9bfb-61e179be6958,"o ambiente do auditório está muito bom, os ar condicionados ajudaram muito para deixa fresco",Auditorio,0.5719
98d481f0-cfc5-4976-9bfb-61e179be6958,"o ambiente do auditório está muito bom, os ar condicionados ajudaram muito para deixa fresco",Ambiente,0.5719
98d481f0-cfc5-4976-9bfb-61e179be6958,"confortável, facilitando o foco nos eventos",Foco,0.5106
98d481f0-cfc5-4976-9bfb-61e179be6958,"confortável, facilitando o foco nos eventos",Eventos,0.5106
e06ffaec-3d0b-45f5-85c5-94027d692f0f,estou gostando muito das palestras,Palestras,0.0
e06ffaec-3d0b-45f5-85c5-94027d692f0f,achei a alexandra muito foda,Foda,0.6705
e06ffaec-3d0b-45f5-85c5-94027d692f0f,achei a alexandra muito foda,Alexandra,0.6705
5c812191-4a89-40c2-ad20-11d17bed69a1,"o início com o aplicativo foi complicado,",Abertura,-0.1531
5c812191-4a89-40c2-ad20-11d17bed69a1,"o início com o aplicativo foi complicado,",App,-0.1531
5c812191-4a89-40c2-ad20-11d17bed69a1,no geral foi tranquilo,Gpu,0.0516
5c812191-4a89-40c2-ad20-11d17bed69a1,"roda de conversa muito bacana, foi um tanto quanto diferente ver pessoas que se formaram no mesmo lugar que estou",Secom,0.0
5c812191-4a89-40c2-ad20-11d17bed69a1,"roda de conversa muito bacana, foi um tanto quanto diferente ver pessoas que se formaram no mesmo lugar que estou",Conversa,0.0
5c812191-4a89-40c2-ad20-11d17bed69a1,"roda de conversa muito bacana, foi um tanto quanto diferente ver pessoas que se formaram no mesmo lugar que estou",Pessoas,0.0
5c812191-4a89-40c2-ad20-11d17bed69a1,"roda de conversa muito bacana, foi um tanto quanto diferente ver pessoas que se formaram no mesmo lugar que estou",Roda,0.0
bd6291a1-9381-4303-8619-d1612876e850,importante para entender questões específicas necessárias que não tinha pensado serem importantes no mercado,Secom,-0.128
bd6291a1-9381-4303-8619-d1612876e850,importante para entender questões específicas necessárias que não tinha pensado serem importantes no mercado,Mercado,-0.128
a5551753-5cda-4641-bc94-7d92707ef19c,provavelmente a palestra com ex-alunos no mercado de trabalho é um dos melhores momentos dessa secom,Mercado,0.0
a5551753-5cda-4641-bc94-7d92707ef19c,provavelmente a palestra com ex-alunos no mercado de trabalho é um dos melhores momentos dessa secom,Secom,0.0
a5551753-5cda-4641-bc94-7d92707ef19c,provavelmente a palestra com ex-alunos no mercado de trabalho é um dos melhores momentos dessa secom,Ex-alunos,0.0
a5551753-5cda-4641-bc94-7d92707ef19c,provavelmente a palestra com ex-alunos no mercado de trabalho é um dos melhores momentos dessa secom,Palestras,0.0
a5551753-5cda-4641-bc94-7d92707ef19c,provavelmente a palestra com ex-alunos no mercado de trabalho é um dos melhores momentos dessa secom,Trabalho,0.0
a5551753-5cda-4641-bc94-7d92707ef19c,provavelmente a palestra com ex-alunos no mercado de trabalho é um dos melhores momentos dessa secom,Tarde,0.0
a5551753-5cda-4641-bc94-7d92707ef19c,um minicurso com soft skills seria bem interessante para uma próxima secom,Secom,0.4939
a5551753-5cda-4641-bc94-7d92707ef19c,um minicurso com soft skills seria bem interessante para uma próxima secom,Minicurso,0.4939
a5551753-5cda-4641-bc94-7d92707ef19c,um minicurso com soft skills seria bem interessante para uma próxima secom,Soft,0.4939
5bc436a4-ec67-4216-87a7-d9152877d21f,mesa redonda foi mt legal,Mesa,0.128
30a1d1e4-da0d-4f67-9908-6bc16a47ebc4,myito bo,Myito,0.0
8b532002-32a9-47b8-a068-f68ebed037cd,mudaram a temperatura,Temperatura,0.0
99899b5a-eb3d-4d67-a64f-a143f824a709,ansioso pelos próximos dias,Secom,0.3612
7064b0be-2b69-4b72-b749-c7057e244714,amei a roda de conversa,Conversa,0.6705
7064b0be-2b69-4b72-b749-c7057e244714,amei a roda de conversa,Roda,0.6705
99899b5a-eb3d-4d67-a64f-a143f824a709,game jam no hype,Gamejam,0.0
99899b5a-eb3d-4d67-a64f-a143f824a709,game jam no hype,Hype,0.0
219bdf7f-fa3a-4d8f-9e33-b83980cc7afb,boa sorte na maratona,Secom,0.6124
219bdf7f-fa3a-4d8f-9e33-b83980cc7afb,boa sorte na maratona,Maratona,0.6124
12c8e1ec-c662-415a-b106-b64ccb7ece3f,faltou o check-in para a gamejam,Gamejam,-0.4767
12c8e1ec-c662-415a-b106-b64ccb7ece3f,muito legal ter 2 dias para realização da gamejam esse ano,Secom,-0.0258
12c8e1ec-c662-415a-b106-b64ccb7ece3f,muito legal ter 2 dias para realização da gamejam esse ano,Gamejam,-0.0258
226440c8-ce0c-42b8-a37b-8435e915955d,a maratona foi ótima,Maratona,0.6705
86cb75a4-c315-4d9a-9289-8ea110fc8799,ansioso pro coffee break,Break,0.3612
86cb75a4-c315-4d9a-9289-8ea110fc8799,ansioso pro coffee break,Pro,0.3612
9aa2b218-1ce5-4019-8e59-cefd44bc9866,eu quero a bolsa,Bolsa,0.0
86cb75a4-c315-4d9a-9289-8ea110fc8799,bom vídeo do cifrasclub,Video,0.4588
86cb75a4-c315-4d9a-9289-8ea110fc8799,bom vídeo do cifrasclub,Mesa,0.4588
9aa2b218-1ce5-4019-8e59-cefd44bc9866,"obrigado gláucia, pela linda festa",Glaucia,0.8402
9aa2b218-1ce5-4019-8e59-cefd44bc9866,vamos trojan,Trojan,0.0
548430cf-9b95-4cde-93c2-547a80cdd20e,a maratona foi ótima,Maratona,0.6705
99899b5a-eb3d-4d67-a64f-a143f824a709,coffe break da game jam foi o melhor 😋,Coffe,0.4404
99899b5a-eb3d-4d67-a64f-a143f824a709,coffe break da game jam foi o melhor 😋,Gamejam,0.4404
99899b5a-eb3d-4d67-a64f-a143f824a709,coffe break da game jam foi o melhor 😋,Secom,0.4404
71ec2c5f-212f-479f-bcb4-75bef259f870,"muitos participantes não vão conseguir chegar pra abertura, fila do ru está muito lenta",Participantes,-0.6808
71ec2c5f-212f-479f-bcb4-75bef259f870,"muitos participantes não vão conseguir chegar pra abertura, fila do ru está muito lenta",Abertura,-0.6808
71ec2c5f-212f-479f-bcb4-75bef259f870,"muitos participantes não vão conseguir chegar pra abertura, fila do ru está muito lenta",Mesa,-0.6808
ef513315-04b4-49b0-ae60-0cfd18608054,muito divertido a maratona,Maratona,0.4404
47cacf3f-e0f2-421b-a645-5e0efd6cc615,fila do ru tirando um checkin meu,Checkin,0.0
47cacf3f-e0f2-421b-a645-5e0efd6cc615,fila do ru tirando um checkin meu,Mesa,0.0
070db213-148d-45f2-8d8a-a0533d8ed2b1,grandes espectativas,Secom,0.296
7d582411-e617-4105-8edf-bca7ee066eca,gostei bastante da maratona,Maratona,0.4215
43aca24c-d788-497e-8521-06df728eeaf8,"a maratona foi muito boa, bem concorrido",Maratona,0.6249
43aca24c-d788-497e-8521-06df728eeaf8,não deu pra almoçar pós maratona,Maratona,-0.296
15ae4086-4952-4aac-a16b-5c2852e5e523,"boa tarde, gente",Tarde,0.4588
a9d36446-c85c-43d3-bccf-8084d2231951,apresentação da setapp muito boa,Setapp,0.4588
a9d36446-c85c-43d3-bccf-8084d2231951,apresentação da setapp muito boa,Palestras,0.4588
43aca24c-d788-497e-8521-06df728eeaf8,a todo vapor na gamejam,Gamejam,0.0
15ae4086-4952-4aac-a16b-5c2852e5e523,os eventos estão bem legais até agora,Eventos,0.2732
a9d36446-c85c-43d3-bccf-8084d2231951,fiquei muito interessado pela empresa júnior setapp,Empresa,0.3612
15ae4086-4952-4aac-a16b-5c2852e5e523,esperando pelo próximo cofee-break já,Cofee-break,0.0
86cc2ad1-6ef4-4b63-8d8f-c512cc96589d,a maratona foi legal dmss,Dms,0.128
86cc2ad1-6ef4-4b63-8d8f-c512cc96589d,a maratona foi legal dmss,Maratona,0.128
86cc2ad1-6ef4-4b63-8d8f-c512cc96589d,queria mesa redonda todos os dias :(,Secom,-0.4404
40e23675-8f02-4354-a49c-3a3e0f6c2687,"palestras são muito boas, criativas",Criativas,0.4588
40e23675-8f02-4354-a49c-3a3e0f6c2687,"palestras são muito boas, criativas",Palestras,0.4588
40e23675-8f02-4354-a49c-3a3e0f6c2687,realmente são muito importantes para a formação para o mercado de trabalho,Secom,-0.296
40e23675-8f02-4354-a49c-3a3e0f6c2687,realmente são muito importantes para a formação para o mercado de trabalho,Trabalho,-0.296
40e23675-8f02-4354-a49c-3a3e0f6c2687,realmente são muito importantes para a formação para o mercado de trabalho,Mercado,-0.296
19f49226-5a60-463b-85d3-ac562e4eddc4,triste por perder algumas palestras,Palestras,-0.7096
32724cee-7c33-4b98-a90c-4d0203f9d84a,como faço para participar da empresa junior,Empresa,-0.1531
219bdf7f-fa3a-4d8f-9e33-b83980cc7afb,setapp maior do brasil,Brasil,0.6369
19f49226-5a60-463b-85d3-ac562e4eddc4,espero que a maratona não tenha uns prêmios tão melhores que a gamejam dessa vez hahahaha,Premios,0.2023
19f49226-5a60-463b-85d3-ac562e4eddc4,espero que a maratona não tenha uns prêmios tão melhores que a gamejam dessa vez hahahaha,Gamejam,0.2023
19f49226-5a60-463b-85d3-ac562e4eddc4,espero que a maratona não tenha uns prêmios tão melhores que a gamejam dessa vez hahahaha,Maratona,0.2023
32724cee-7c33-4b98-a90c-4d0203f9d84a,como empresa junior contribui para minha carreira profissional,Vida,-0.1531
32724cee-7c33-4b98-a90c-4d0203f9d84a,como empresa junior contribui para minha carreira profissional,Empresa,-0.1531
219bdf7f-fa3a-4d8f-9e33-b83980cc7afb,sorteia camisa da setapp😋,Camisa,0.0
219bdf7f-fa3a-4d8f-9e33-b83980cc7afb,sorteia camisa da setapp😋,Setapp,0.0
b062d0fa-ab85-4add-a5ec-4129e1e22c4c,coffe break muito bom,Coffe,0.4588
b062d0fa-ab85-4add-a5ec-4129e1e22c4c,ótima programação,Programacao,0.6705
219bdf7f-fa3a-4d8f-9e33-b83980cc7afb,sorteia camisa de,Camisa,0.0
9ac1b61d-2b3d-4c00-9a56-6a31d2be082b,espero que a internet funcione,Secom,0.0
9ac1b61d-2b3d-4c00-9a56-6a31d2be082b,espero que a internet funcione,Internet,0.0
9ac1b61d-2b3d-4c00-9a56-6a31d2be082b,vai ter picolé hoje também,Secom,0.0
e2b6d403-470e-4752-8767-48575bb10c67,maratona foi dahora,Maratona,0.6124
19f49226-5a60-463b-85d3-ac562e4eddc4,"o formato de mesa redonda ontem foi bem legal, seria interessante ter mais vezes",Tarde,0.6486
19f49226-5a60-463b-85d3-ac562e4eddc4,"o formato de mesa redonda ontem foi bem legal, seria interessante ter mais vezes",Formato,0.6486
19f49226-5a60-463b-85d3-ac562e4eddc4,"o formato de mesa redonda ontem foi bem legal, seria interessante ter mais vezes",Mesa,0.6486
e2b6d403-470e-4752-8767-48575bb10c67,podia ter mais atrações como a mesa redonda,Atracoes,0.4215
e2b6d403-470e-4752-8767-48575bb10c67,podia ter mais atrações como a mesa redonda,Mesa,0.4215
f436cb6f-b331-4a0c-ba41-567a1f74ef05,o pão de queijo do coffee break esrta muito bom,Queijo,0.4588
f436cb6f-b331-4a0c-ba41-567a1f74ef05,o pão de queijo do coffee break esrta muito bom,Break,0.4588
f436cb6f-b331-4a0c-ba41-567a1f74ef05,o pão de queijo do coffee break esrta muito bom,Coffee,0.4588
f436cb6f-b331-4a0c-ba41-567a1f74ef05,o pão de queijo do coffee break esrta muito bom,Pao,0.4588
5c812191-4a89-40c2-ad20-11d17bed69a1,muito produtivo as palestras,Palestras,0.0
5c812191-4a89-40c2-ad20-11d17bed69a1,fiz muito network com as pessoas,Pessoas,0.0
5c812191-4a89-40c2-ad20-11d17bed69a1,aprendi um pouco sobre possibilidades para meu futuro,Futuro,-0.0865
5c812191-4a89-40c2-ad20-11d17bed69a1,aprendi um pouco sobre possibilidades para meu futuro,Possibilidades,-0.0865
b062d0fa-ab85-4add-a5ec-4129e1e22c4c,amanda a secom,Secom,0.0
700f7b0c-46a5-4f88-b605-7015d0660e2b,esperando o coffe break,Coffe,0.0
700f7b0c-46a5-4f88-b605-7015d0660e2b,palestras muito boas,Palestras,0.4588
f436cb6f-b331-4a0c-ba41-567a1f74ef05,parece muito interessante essa empresa unior setapp,Empresa,0.4019
02af807d-7123-444e-b61e-89eaf92be60f,fui amassado na maratona,Maratona,0.0
c9e2374f-bf33-4003-b871-6ecb5ae22aee,doido pra ver as palestras,Palestras,0.0
02af807d-7123-444e-b61e-89eaf92be60f,ansioso pelas palestras de tarde,Palestras,0.3612
02af807d-7123-444e-b61e-89eaf92be60f,ansioso pelas palestras de tarde,Tarde,0.3612
f436cb6f-b331-4a0c-ba41-567a1f74ef05,felicidades,Felicidades,0.5106
f436cb6f-b331-4a0c-ba41-567a1f74ef05,boa sorte pro pessoal da setapp,Secom,0.6124
f436cb6f-b331-4a0c-ba41-567a1f74ef05,boa sorte pro pessoal da setapp,Pro,0.6124
f436cb6f-b331-4a0c-ba41-567a1f74ef05,boa sorte pro pessoal da setapp,Setapp,0.6124
f436cb6f-b331-4a0c-ba41-567a1f74ef05,ansioso pelos minucursos,Secom,0.3612
86cc2ad1-6ef4-4b63-8d8f-c512cc96589d,o app melhorou mto de ano passado pra esse ano,App,0.0
86cc2ad1-6ef4-4b63-8d8f-c512cc96589d,o app melhorou mto de ano passado pra esse ano,Mto,0.0
45025e25-714c-447c-ad00-3f2880882d2b,ansioso pelo coffe break,Coffe,0.3612
45025e25-714c-447c-ad00-3f2880882d2b,ótimas palestras,Palestras,0.6705
02af807d-7123-444e-b61e-89eaf92be60f,ansioso pelos jogos da gamejam,Gamejam,0.3612
45025e25-714c-447c-ad00-3f2880882d2b,ótimas palestras,Palestras,0.6705
5bc436a4-ec67-4216-87a7-d9152877d21f,tô gostando mt das palestras,Palestras,0.0
5bc436a4-ec67-4216-87a7-d9152877d21f,a maratona foi mt divertida,Maratona,0.4019
96a82185-2b89-4f00-9bf9-ab5b2fa5c8ce,"syndle sempre presente na secom, muito boa a palestra",Secom,0.7096
96a82185-2b89-4f00-9bf9-ab5b2fa5c8ce,"syndle sempre presente na secom, muito boa a palestra",Palestras,0.7096
d0881343-b903-4573-aee3-c821f2e201de,"muito boa a maratona, gostei das questões",Secom,0.7003
d0881343-b903-4573-aee3-c821f2e201de,"muito boa a maratona, gostei das questões",Maratona,0.7003
d0881343-b903-4573-aee3-c821f2e201de,muito boa a palestra da setup,Setup,0.4588
d0881343-b903-4573-aee3-c821f2e201de,muito boa a palestra da setup,Palestras,0.4588
d0881343-b903-4573-aee3-c821f2e201de,muito boa a palestra da sydle,Sydle,0.4588
d0881343-b903-4573-aee3-c821f2e201de,muito boa a palestra da sydle,Palestras,0.4588
b843c3db-fc8f-45a6-8322-19b87391fa20,a maratona de programação desse ano vai ser acirrada,Programacao,0.0
b843c3db-fc8f-45a6-8322-19b87391fa20,a maratona de programação desse ano vai ser acirrada,Maratona,0.0
b843c3db-fc8f-45a6-8322-19b87391fa20,ansioso com o resultado,Resultado,0.3612
b843c3db-fc8f-45a6-8322-19b87391fa20,a maratona de programação desse ano foi incrível,Programacao,0.6705
b843c3db-fc8f-45a6-8322-19b87391fa20,a maratona de programação desse ano foi incrível,Maratona,0.6705
b843c3db-fc8f-45a6-8322-19b87391fa20,"sydle sempre marcando presença, amo ❤",Secom,0.6705
61070f87-e362-47bc-b690-aa075a9fd9b7,gostei muito da palestra,Palestras,0.4215
a9d36446-c85c-43d3-bccf-8084d2231951,não entendi muito da apresentação da sydle,Sydle,-0.296
a9d36446-c85c-43d3-bccf-8084d2231951,não entendi muito da apresentação da sydle,Palestras,-0.296
d13dce39-51a4-4170-8b39-f06cb1f6adf6,ansiosa para o coffeee break,Break,-0.1531
d13dce39-51a4-4170-8b39-f06cb1f6adf6,ansiosa para o coffeee break,Coffee,-0.1531
3e72f254-acab-4aec-ad73-bf9dff9c21ad,ótima palestra,Palestras,0.6705
3e72f254-acab-4aec-ad73-bf9dff9c21ad,assunto muito interessante,Secom,0.4019
d13dce39-51a4-4170-8b39-f06cb1f6adf6,quero muito ganhar algum sorteio,Secom,0.7506
7568d4e3-7c42-4c07-9246-161f8f144017,cada coffe break uma surpresa,Coffe,0.2732
7568d4e3-7c42-4c07-9246-161f8f144017,cada coffe break uma surpresa,Surpresa,0.2732
9cd6db67-067e-45e7-8db9-db3f3a10afc6,a palestra ontem me ajudou a procurar estágio,Secom,0.0
9cd6db67-067e-45e7-8db9-db3f3a10afc6,a palestra ontem me ajudou a procurar estágio,Palestras,0.0
7568d4e3-7c42-4c07-9246-161f8f144017,ansioso para a segunda palestra,Palestras,0.2263
37ec55d9-b848-47bd-9a33-f64afd2dd867,mto bom,Mto,0.4588
ad08e116-810d-4533-a7c6-9782fcb55f6d,sydle,Sydle,0.0
9cd6db67-067e-45e7-8db9-db3f3a10afc6,as palestras são legais,Palestras,0.0
96a82185-2b89-4f00-9bf9-ab5b2fa5c8ce,palestra sydle one a melhor da secom,Secom,0.4404
9cd6db67-067e-45e7-8db9-db3f3a10afc6,achei interessante a solução da sydle,Secom,0.6124
9cd6db67-067e-45e7-8db9-db3f3a10afc6,achei interessante a solução da sydle,Sydle,0.6124
96a82185-2b89-4f00-9bf9-ab5b2fa5c8ce,maratona de programação hoje estava bem difícil,Programacao,0.1779
96a82185-2b89-4f00-9bf9-ab5b2fa5c8ce,maratona de programação hoje estava bem difícil,Maratona,0.1779
667d742e-3fdf-457b-b63c-7a8befc9bee4,a apresentação da setapp foi muito boa,Setapp,0.4588
667d742e-3fdf-457b-b63c-7a8befc9bee4,a apresentação da setapp foi muito boa,Palestras,0.4588
667d742e-3fdf-457b-b63c-7a8befc9bee4,a palestra da sydle foi super relevante,Sydle,0.5994
667d742e-3fdf-457b-b63c-7a8befc9bee4,a palestra da sydle foi super relevante,Palestras,0.5994
96a82185-2b89-4f00-9bf9-ab5b2fa5c8ce,campeonato de esports tá muito bem feita,Campeonato,0.6124
7d582411-e617-4105-8edf-bca7ee066eca,a palestras estão muito boas,Palestras,0.4588
96a82185-2b89-4f00-9bf9-ab5b2fa5c8ce,"campeonato de esports poderia ter mais times, ano que vem podem aumentar a quantidade de times",Secom,0.6369
96a82185-2b89-4f00-9bf9-ab5b2fa5c8ce,"campeonato de esports poderia ter mais times, ano que vem podem aumentar a quantidade de times",Campeonato,0.6369
96a82185-2b89-4f00-9bf9-ab5b2fa5c8ce,"campeonato de esports poderia ter mais times, ano que vem podem aumentar a quantidade de times",Tarde,0.6369
9cd6db67-067e-45e7-8db9-db3f3a10afc6,quero entrar na sydle kjkkk,Sydle,0.0
7d582411-e617-4105-8edf-bca7ee066eca,tá muito frio os ar condicionado,Frio,0.0
a6ec5f50-aa66-4ad4-8b97-10a6f9eacaad,amo o cifra club,Secom,0.6705
a6ec5f50-aa66-4ad4-8b97-10a6f9eacaad,amo o cifra club,Mesa,0.6705
c0f15389-3383-4e94-b413-2fd78bcd0b68,excelente sydle one,Sydle,0.6249
c0f15389-3383-4e94-b413-2fd78bcd0b68,geral tem gato,Gato,0.0
c0f15389-3383-4e94-b413-2fd78bcd0b68,700 horas de rocket league mds,League,0.0
c0f15389-3383-4e94-b413-2fd78bcd0b68,700 horas de rocket league mds,Rocket,0.0
c0f15389-3383-4e94-b413-2fd78bcd0b68,700 horas de rocket league mds,Dms,0.0
c0f15389-3383-4e94-b413-2fd78bcd0b68,700 horas de rocket league mds,Tarde,0.0
ad08e116-810d-4533-a7c6-9782fcb55f6d,adote um gato,Etica,0.0
ad08e116-810d-4533-a7c6-9782fcb55f6d,adote um gato,Gato,0.0
ad08e116-810d-4533-a7c6-9782fcb55f6d,todo mundo na studio sol tem um gatinho,Sol,0.0
ad08e116-810d-4533-a7c6-9782fcb55f6d,todo mundo na studio sol tem um gatinho,Pessoas,0.0
ad08e116-810d-4533-a7c6-9782fcb55f6d,todo mundo na studio sol tem um gatinho,Studio,0.0
ad08e116-810d-4533-a7c6-9782fcb55f6d,todo mundo na studio sol tem um gatinho,Gato,0.0
e20a2ffa-39db-4246-8766-1c3a6ddc4c7e,muito bom a plaestra,Secom,0.4588
e20a2ffa-39db-4246-8766-1c3a6ddc4c7e,muito bom a palestra,Palestras,0.4588
e20a2ffa-39db-4246-8766-1c3a6ddc4c7e,conteúdo muito interessante,Secom,0.4019
4a38eef3-4375-45b4-b386-649cb518c20b,"gente, qual é o shampoo que o patr- rodrigo usa",Secom,0.0
4a38eef3-4375-45b4-b386-649cb518c20b,"gente, qual é o shampoo que o patr- rodrigo usa",Pao,0.0
4a38eef3-4375-45b4-b386-649cb518c20b,"gente, qual é o shampoo que o patr- rodrigo usa",Shampoo,0.0
913cf695-2ce7-40c2-a996-ce8bff7ee32c,amando as palestras,Palestras,0.6124
a5551753-5cda-4641-bc94-7d92707ef19c,os goats da studio sol & letras novamente,Goat,0.0
a5551753-5cda-4641-bc94-7d92707ef19c,os goats da studio sol & letras novamente,Sol,0.0
a5551753-5cda-4641-bc94-7d92707ef19c,os goats da studio sol & letras novamente,Studio,0.0
a5551753-5cda-4641-bc94-7d92707ef19c,os goats da studio sol & letras novamente,Nota,0.0
913cf695-2ce7-40c2-a996-ce8bff7ee32c,parabéns para a gláucia,Glaucia,0.5106
913cf695-2ce7-40c2-a996-ce8bff7ee32c,"comissão organizadora, tudo perteito",Secom,0.0
a5551753-5cda-4641-bc94-7d92707ef19c,poderia ter mais palestras da tarde da indústria,Empresa,0.0
a5551753-5cda-4641-bc94-7d92707ef19c,poderia ter mais palestras da tarde da indústria,Palestras,0.0
a5551753-5cda-4641-bc94-7d92707ef19c,poderia ter mais palestras da tarde da indústria,Tarde,0.0
98d481f0-cfc5-4976-9bfb-61e179be6958,maratona de programação apesar de difícil foi muito divertida,Programacao,0.3182
98d481f0-cfc5-4976-9bfb-61e179be6958,maratona de programação apesar de difícil foi muito divertida,Maratona,0.3182
c922b921-1305-4fe3-b76c-649887d97eb4,vocês costumam trabalhar mais com melhorias em projetos antigos ou com implementação de novos projetos,Secom,0.3182
c922b921-1305-4fe3-b76c-649887d97eb4,vocês costumam trabalhar mais com melhorias em projetos antigos ou com implementação de novos projetos,Melhorias,0.3182
c922b921-1305-4fe3-b76c-649887d97eb4,vocês costumam trabalhar mais com melhorias em projetos antigos ou com implementação de novos projetos,Projeto,0.3182
c922b921-1305-4fe3-b76c-649887d97eb4,com a implementação das ias dentro da empresa vocês acham que a contratação de estagiário/juniores diminuiu,Secom,0.0
c922b921-1305-4fe3-b76c-649887d97eb4,com a implementação das ias dentro da empresa vocês acham que a contratação de estagiário/juniores diminuiu,Juniores,0.0
c922b921-1305-4fe3-b76c-649887d97eb4,com a implementação das ias dentro da empresa vocês acham que a contratação de estagiário/juniores diminuiu,Empresa,0.0
47cacf3f-e0f2-421b-a645-5e0efd6cc615,pessoal boca suja do studio sol,Sol,0.0
47cacf3f-e0f2-421b-a645-5e0efd6cc615,pessoal boca suja do studio sol,Studio,0.0
c922b921-1305-4fe3-b76c-649887d97eb4,pra entrar na empresa você tem que entender de música,Secom,0.2732
c922b921-1305-4fe3-b76c-649887d97eb4,pra entrar na empresa você tem que entender de música,Empresa,0.2732
070db213-148d-45f2-8d8a-a0533d8ed2b1,estou amando as palestras,Palestras,0.6124
98d481f0-cfc5-4976-9bfb-61e179be6958,muito bom os palestrantes falarem sobre  sua jornada academia até conseguirem entrar no mercado de trabalho,Mercado,0.4588
98d481f0-cfc5-4976-9bfb-61e179be6958,muito bom os palestrantes falarem sobre  sua jornada academia até conseguirem entrar no mercado de trabalho,Palestras,0.4588
98d481f0-cfc5-4976-9bfb-61e179be6958,muito bom os palestrantes falarem sobre  sua jornada academia até conseguirem entrar no mercado de trabalho,Trabalho,0.4588
98d481f0-cfc5-4976-9bfb-61e179be6958,muito bom os palestrantes falarem sobre  sua jornada academia até conseguirem entrar no mercado de trabalho,Professores,0.4588
98d481f0-cfc5-4976-9bfb-61e179be6958,muito bom os palestrantes falarem sobre  sua jornada academia até conseguirem entrar no mercado de trabalho,Tarde,0.4588
4a38eef3-4375-45b4-b386-649cb518c20b,ai q fominha,Fominha,-0.4215
070db213-148d-45f2-8d8a-a0533d8ed2b1,time da studiosol nos,Studio,0.0
070db213-148d-45f2-8d8a-a0533d8ed2b1,time da studiosol nos,Tarde,0.0
070db213-148d-45f2-8d8a-a0533d8ed2b1,-esportes da secom quando,Secom,0.0
070db213-148d-45f2-8d8a-a0533d8ed2b1,-esportes da secom quando,Campeonato,0.0
3e72f254-acab-4aec-ad73-bf9dff9c21ad,muito legal a palestra,Palestras,0.128
91c06250-9999-4019-95bb-12b3cfebb7ca,muito legal as apresentações de hoje,Palestras,0.128
91c06250-9999-4019-95bb-12b3cfebb7ca,coffee break sempre superando as expectativas,Break,0.5423
91c06250-9999-4019-95bb-12b3cfebb7ca,coffee break sempre superando as expectativas,Expectativas,0.5423
a5551753-5cda-4641-bc94-7d92707ef19c,voto pro coffee break livre permanecer,Break,0.1779
30a1d1e4-da0d-4f67-9908-6bc16a47ebc4,os slides serão disponibilizados,Slides,0.0
30a1d1e4-da0d-4f67-9908-6bc16a47ebc4,vem promeu time de valorant,Valorant,0.0
30a1d1e4-da0d-4f67-9908-6bc16a47ebc4,vem promeu time de valorant,Tarde,0.0
30a1d1e4-da0d-4f67-9908-6bc16a47ebc4,quero trabalhar na levty,Secom,0.0
daac9055-17a0-4775-bb21-9c0add9d45ec,as palestras estão muito legal,Palestras,0.128
a6ec5f50-aa66-4ad4-8b97-10a6f9eacaad,queria o sorteio do studiosol :(,Secom,-0.0772
a6ec5f50-aa66-4ad4-8b97-10a6f9eacaad,queria o sorteio do studiosol :(,Studio,-0.0772
34c8353a-bcb4-4553-8c2d-fac1c5311ccd,coffee-break excelente,Coffee,0.6249
daac9055-17a0-4775-bb21-9c0add9d45ec,a studio sol tem as melhores palestras,Sol,0.0
daac9055-17a0-4775-bb21-9c0add9d45ec,a studio sol tem as melhores palestras,Palestras,0.0
daac9055-17a0-4775-bb21-9c0add9d45ec,a studio sol tem as melhores palestras,Studio,0.0
daac9055-17a0-4775-bb21-9c0add9d45ec,a maratona é a melhor parte do evento,Secom,0.4404
daac9055-17a0-4775-bb21-9c0add9d45ec,a maratona é a melhor parte do evento,Maratona,0.4404
4a38eef3-4375-45b4-b386-649cb518c20b,levty é goat,Secom,0.0
4a38eef3-4375-45b4-b386-649cb518c20b,levty é goat,Goat,0.0
c9e2374f-bf33-4003-b871-6ecb5ae22aee,quero brindes hem 🤭,Secom,0.4215
34c8353a-bcb4-4553-8c2d-fac1c5311ccd,ótima secom,Tarde,0.6705
98d481f0-cfc5-4976-9bfb-61e179be6958,palestra da secon tão muito boas,Secom,0.507
98d481f0-cfc5-4976-9bfb-61e179be6958,palestra da secon tão muito boas,Palestras,0.507
3d6d0870-4d2b-4b19-942d-fa56cf8cbad9,o coffe break estava ótimo,Coffe,0.6705
3d6d0870-4d2b-4b19-942d-fa56cf8cbad9,queria que tivesse mais tempo para perguntas nas palestras,Perguntas,-0.1531
3d6d0870-4d2b-4b19-942d-fa56cf8cbad9,queria que tivesse mais tempo para perguntas nas palestras,Palestras,-0.1531
3d6d0870-4d2b-4b19-942d-fa56cf8cbad9,queria que tivesse mais tempo para perguntas nas palestras,Tarde,-0.1531
3d6d0870-4d2b-4b19-942d-fa56cf8cbad9,adorei o tema de capivaras na maratona de programação,Secom,0.0
3d6d0870-4d2b-4b19-942d-fa56cf8cbad9,adorei o tema de capivaras na maratona de programação,Programacao,0.0
3d6d0870-4d2b-4b19-942d-fa56cf8cbad9,adorei o tema de capivaras na maratona de programação,Capivaras,0.0
3d6d0870-4d2b-4b19-942d-fa56cf8cbad9,adorei o tema de capivaras na maratona de programação,Maratona,0.0
7064b0be-2b69-4b72-b749-c7057e244714,adorei a palestra do studiosol & letras,Studio,0.0
7064b0be-2b69-4b72-b749-c7057e244714,adorei a palestra do studiosol & letras,Palestras,0.0
34c8353a-bcb4-4553-8c2d-fac1c5311ccd,bolsa da sydle já virou tradição,Secom,0.0
34c8353a-bcb4-4553-8c2d-fac1c5311ccd,bolsa da sydle já virou tradição,Sydle,0.0
34c8353a-bcb4-4553-8c2d-fac1c5311ccd,bolsa da sydle já virou tradição,Bolsa,0.0
34c8353a-bcb4-4553-8c2d-fac1c5311ccd,muito bem organizado a tarde da indústria,Empresa,0.2732
34c8353a-bcb4-4553-8c2d-fac1c5311ccd,muito bem organizado a tarde da indústria,Tarde,0.2732
667d742e-3fdf-457b-b63c-7a8befc9bee4,o coffee break foi ótimo,Break,0.6705
667d742e-3fdf-457b-b63c-7a8befc9bee4,o coffee break foi ótimo,Coffee,0.6705
226440c8-ce0c-42b8-a37b-8435e915955d,o bolinho do coffe break estava uma delícia,Secom,0.4767
226440c8-ce0c-42b8-a37b-8435e915955d,o bolinho do coffe break estava uma delícia,Coffe,0.4767
2841ae4b-ef6a-4661-94a3-9777a70ec034,"palestra do studio sol muito bom, tema muito relevante",Secom,0.4588
2841ae4b-ef6a-4661-94a3-9777a70ec034,"palestra do studio sol muito bom, tema muito relevante",Sol,0.4588
2841ae4b-ef6a-4661-94a3-9777a70ec034,"palestra do studio sol muito bom, tema muito relevante",Studio,0.4588
2841ae4b-ef6a-4661-94a3-9777a70ec034,"palestra do studio sol muito bom, tema muito relevante",Palestras,0.4588
2841ae4b-ef6a-4661-94a3-9777a70ec034,a logística de quando encerra uma palestra,Logistica,0.0
2841ae4b-ef6a-4661-94a3-9777a70ec034,a logística de quando encerra uma palestra,Palestras,0.0
2841ae4b-ef6a-4661-94a3-9777a70ec034,"inicia outra ter que ler que sair do local onde está para escanear o qrcode, gera muita confusão",Doacao,-0.6486
2841ae4b-ef6a-4661-94a3-9777a70ec034,"inicia outra ter que ler que sair do local onde está para escanear o qrcode, gera muita confusão",Abertura,-0.6486
2841ae4b-ef6a-4661-94a3-9777a70ec034,"inicia outra ter que ler que sair do local onde está para escanear o qrcode, gera muita confusão",Qrcode,-0.6486
2841ae4b-ef6a-4661-94a3-9777a70ec034,"inicia outra ter que ler que sair do local onde está para escanear o qrcode, gera muita confusão",Local,-0.6486
2841ae4b-ef6a-4661-94a3-9777a70ec034,palestra da levty muito boa,Secom,0.4588
2841ae4b-ef6a-4661-94a3-9777a70ec034,palestra da levty muito boa,Palestras,0.4588
7064b0be-2b69-4b72-b749-c7057e244714,bacana dms a palestra da levty,Secom,0.0
7064b0be-2b69-4b72-b749-c7057e244714,bacana dms a palestra da levty,Palestras,0.0
7064b0be-2b69-4b72-b749-c7057e244714,bacana dms a palestra da levty,Dms,0.0
dffbacba-f52d-4fe2-b24e-52d4795954d5,muita boa palestra,Palestras,0.4588
dffbacba-f52d-4fe2-b24e-52d4795954d5,muito massa a secom,Secom,0.5423
dffbacba-f52d-4fe2-b24e-52d4795954d5,palestras de peso,Peso,-0.4404
dffbacba-f52d-4fe2-b24e-52d4795954d5,palestras de peso,Palestras,-0.4404
dffbacba-f52d-4fe2-b24e-52d4795954d5,muito conhecimento compartilhado,Conhecimento,0.34
226440c8-ce0c-42b8-a37b-8435e915955d,qse acabando o tempo da gamejan,Gamejam,0.0
226440c8-ce0c-42b8-a37b-8435e915955d,qse acabando o tempo da gamejan,Tarde,0.0
99899b5a-eb3d-4d67-a64f-a143f824a709,game jam adiada 6h 🙏🙏🙏,Gamejam,0.0
9764ca16-8169-496a-86f2-8b5413a49083,achei muito boa as palestras,Palestras,0.4588
9764ca16-8169-496a-86f2-8b5413a49083,conteúdos muito interessantes,Secom,0.0
30b0814c-9041-44a2-abfc-cc24393a1faa,oi pessoal,Pessoas,0.0
8b532002-32a9-47b8-a068-f68ebed037cd,"muito obrigado, para todos os envolvidos na organização da gamejam",Secom,0.3182
8b532002-32a9-47b8-a068-f68ebed037cd,"muito obrigado, para todos os envolvidos na organização da gamejam",Gamejam,0.3182
8b532002-32a9-47b8-a068-f68ebed037cd,os check-ins dese dia ficaram meio estranhos,Checkin,0.0
8b532002-32a9-47b8-a068-f68ebed037cd,os check-ins dese dia ficaram meio estranhos,Dese,0.0
15ae4086-4952-4aac-a16b-5c2852e5e523,mé q cês tão,Secom,0.0
b062d0fa-ab85-4add-a5ec-4129e1e22c4c,o que será o coffe break final 🤨,Coffe,0.0
b062d0fa-ab85-4add-a5ec-4129e1e22c4c,ansiosa para os brindes,Secom,0.296
b062d0fa-ab85-4add-a5ec-4129e1e22c4c,ansiosa pro resultado da game jam,Gamejam,0.0
b062d0fa-ab85-4add-a5ec-4129e1e22c4c,ansiosa pro resultado da game jam,Pro,0.0
b062d0fa-ab85-4add-a5ec-4129e1e22c4c,ansiosa pro resultado da game jam,Resultado,0.0
15ae4086-4952-4aac-a16b-5c2852e5e523,bom minicurso para todos,Minicurso,0.34
15ae4086-4952-4aac-a16b-5c2852e5e523,ate o povo que entrou antes,Pessoas,0.0
15ae4086-4952-4aac-a16b-5c2852e5e523,pegou todas as vagas de data science,Secom,0.0
15ae4086-4952-4aac-a16b-5c2852e5e523,pegou todas as vagas de data science,Data,0.0
12c8e1ec-c662-415a-b106-b64ccb7ece3f,a secom desse ano,Secom,0.0
12c8e1ec-c662-415a-b106-b64ccb7ece3f,pena que os cursos acabaram tão rápido,Secom,-0.0276
12c8e1ec-c662-415a-b106-b64ccb7ece3f,pena que os cursos acabaram tão rápido,Curso,-0.0276
a9d36446-c85c-43d3-bccf-8084d2231951,apresentações muito boas,Palestras,0.4588
a9d36446-c85c-43d3-bccf-8084d2231951,adorei as apresentações,Palestras,0.0
a9d36446-c85c-43d3-bccf-8084d2231951,minicursos,Minicurso,0.0
a9d36446-c85c-43d3-bccf-8084d2231951,minicursos ótimos,Minicurso,0.6705
12c8e1ec-c662-415a-b106-b64ccb7ece3f,animada para ver a cerimônia de premiações,Cerimonia,0.0258
12c8e1ec-c662-415a-b106-b64ccb7ece3f,animada para ver a cerimônia de premiações,Premiacoes,0.0258
a9d36446-c85c-43d3-bccf-8084d2231951,disponibilidade de cursos muito boa,Curso,0.4588
a9d36446-c85c-43d3-bccf-8084d2231951,disponibilidade de cursos muito boa,Disponibilidade,0.4588
12c8e1ec-c662-415a-b106-b64ccb7ece3f,animada pafa os mini cursos,Minicurso,0.0
e20a2ffa-39db-4246-8766-1c3a6ddc4c7e,minicurso com ótima temática,Secom,0.6705
e20a2ffa-39db-4246-8766-1c3a6ddc4c7e,minicurso com ótima temática,Minicurso,0.6705
e20a2ffa-39db-4246-8766-1c3a6ddc4c7e,ótimos palestrantes,Palestras,0.6705
7d582411-e617-4105-8edf-bca7ee066eca,estou gostando dos temas das palestras,Secom,0.0
7d582411-e617-4105-8edf-bca7ee066eca,estou gostando dos temas das palestras,Palestras,0.0
7d582411-e617-4105-8edf-bca7ee066eca,da maratona,Maratona,0.0
3e72f254-acab-4aec-ad73-bf9dff9c21ad,ansiosa pelo minicurso,Minicurso,0.0
7d582411-e617-4105-8edf-bca7ee066eca,durante os períodos no auditório poderiam deixar o ar um pouco mais quente,Periodos,0.0
7d582411-e617-4105-8edf-bca7ee066eca,durante os períodos no auditório poderiam deixar o ar um pouco mais quente,Auditorio,0.0
548430cf-9b95-4cde-93c2-547a80cdd20e,foi ótimo participar da maratona,Maratona,0.6705
3e72f254-acab-4aec-ad73-bf9dff9c21ad,as palestras de tem sido ótimas,Palestras,0.6705
548430cf-9b95-4cde-93c2-547a80cdd20e,evento de muita qualidade,Qualidade,0.0
d0881343-b903-4573-aee3-c821f2e201de,ansioso para os mini cursos,Minicurso,0.2263
d0881343-b903-4573-aee3-c821f2e201de,a secom podia se a semana inteira,Semana,0.0
daac9055-17a0-4775-bb21-9c0add9d45ec,muito ansiosa pelo resultado da maratona,Maratona,0.0
daac9055-17a0-4775-bb21-9c0add9d45ec,muito ansiosa pelo resultado da maratona,Resultado,0.0
86cc2ad1-6ef4-4b63-8d8f-c512cc96589d,secom tinha q ser um mês inteiro,Pessoas,0.0
66333d64-e1a9-407d-b5ec-e97640fc0bfc,senti falta da organização na hora do coffee break,Secom,-0.3612
66333d64-e1a9-407d-b5ec-e97640fc0bfc,senti falta da organização na hora do coffee break,Break,-0.3612
66333d64-e1a9-407d-b5ec-e97640fc0bfc,senti falta da organização na hora do coffee break,Coffee,-0.3612
66333d64-e1a9-407d-b5ec-e97640fc0bfc,senti falta da organização na hora do coffee break,Tarde,-0.3612
66333d64-e1a9-407d-b5ec-e97640fc0bfc,senti falta da organização na hora do coffee break,Falta,-0.3612
86cc2ad1-6ef4-4b63-8d8f-c512cc96589d,ansiosa pra cerimônia de encerramento,Cerimonia,0.0516
86cc2ad1-6ef4-4b63-8d8f-c512cc96589d,ansiosa pra cerimônia de encerramento,Encerramento,0.0516
66333d64-e1a9-407d-b5ec-e97640fc0bfc,essa game jam acabou comigo 😵,Secom,0.0
66333d64-e1a9-407d-b5ec-e97640fc0bfc,essa game jam acabou comigo 😵,Gamejam,0.0
66333d64-e1a9-407d-b5ec-e97640fc0bfc,essa game jam acabou comigo 😵,Comigo,0.0
86cc2ad1-6ef4-4b63-8d8f-c512cc96589d,os coffee breaks foram fenomenais,Coffee,0.0
c9e2374f-bf33-4003-b871-6ecb5ae22aee,minicurso nvidia promete,Minicurso,0.2732
66333d64-e1a9-407d-b5ec-e97640fc0bfc,go4,Go4,0.0
47cacf3f-e0f2-421b-a645-5e0efd6cc615,fome 😞,Fome,-0.4404
86cc2ad1-6ef4-4b63-8d8f-c512cc96589d,expectativa tá alta pros jogos da gamejam,Gamejam,0.0
86cc2ad1-6ef4-4b63-8d8f-c512cc96589d,expectativa tá alta pros jogos da gamejam,Pro,0.0
86cc2ad1-6ef4-4b63-8d8f-c512cc96589d,expectativa tá alta pros jogos da gamejam,Expectativas,0.0
98d481f0-cfc5-4976-9bfb-61e179be6958,alguns minicursos poderiam ter mais vagas,Secom,0.0
98d481f0-cfc5-4976-9bfb-61e179be6958,alguns minicursos poderiam ter mais vagas,Minicurso,0.0
98d481f0-cfc5-4976-9bfb-61e179be6958,as programações,Programacao,0.0
98d481f0-cfc5-4976-9bfb-61e179be6958,"datas da secom podeira ser divulgado no email também, seria bom para reforça",Secom,0.34
98d481f0-cfc5-4976-9bfb-61e179be6958,"datas da secom podeira ser divulgado no email também, seria bom para reforça",Data,0.34
98d481f0-cfc5-4976-9bfb-61e179be6958,"datas da secom podeira ser divulgado no email também, seria bom para reforça",Email,0.34
a6ec5f50-aa66-4ad4-8b97-10a6f9eacaad,o encerramento vai ser muito bom,Encerramento,0.3612
02af807d-7123-444e-b61e-89eaf92be60f,ansioso pelo curso de blockchain,Blockchain,0.3612
02af807d-7123-444e-b61e-89eaf92be60f,ansioso pelo curso de blockchain,Curso,0.3612
66333d64-e1a9-407d-b5ec-e97640fc0bfc,"muito interessante o modo de conversa da mesa redonda, gostei bastante",Secom,0.6705
66333d64-e1a9-407d-b5ec-e97640fc0bfc,"muito interessante o modo de conversa da mesa redonda, gostei bastante",Conversa,0.6705
66333d64-e1a9-407d-b5ec-e97640fc0bfc,"muito interessante o modo de conversa da mesa redonda, gostei bastante",Mesa,0.6705
66333d64-e1a9-407d-b5ec-e97640fc0bfc,nada como um cochilo de 15 min pra aguentar o dia 💀💀,Coffe,0.0
66333d64-e1a9-407d-b5ec-e97640fc0bfc,nada como um cochilo de 15 min pra aguentar o dia 💀💀,Min,0.0
d13dce39-51a4-4170-8b39-f06cb1f6adf6,ansiosa pro coffee break,Break,0.0
d13dce39-51a4-4170-8b39-f06cb1f6adf6,queria mt ganhar algum sorteio,Secom,0.7506
d13dce39-51a4-4170-8b39-f06cb1f6adf6,amando a secom,Secom,0.6124
d13dce39-51a4-4170-8b39-f06cb1f6adf6,mini curso mt interessante,Curso,0.4019
e2b6d403-470e-4752-8767-48575bb10c67,"os minicursos são bem dahora,",Minicurso,0.7269
e2b6d403-470e-4752-8767-48575bb10c67,impossivel de ganhar um sorteio,Secom,0.7506
e2b6d403-470e-4752-8767-48575bb10c67,como os jogos do campeonato de,Gamejam,0.4404
e2b6d403-470e-4752-8767-48575bb10c67,como os jogos do campeonato de,Campeonato,0.4404
e2b6d403-470e-4752-8767-48575bb10c67,-sports ainda vão acontecer vai manter as decorações da secom,Secom,-0.4215
e2b6d403-470e-4752-8767-48575bb10c67,-sports ainda vão acontecer vai manter as decorações da secom,Decoracao,-0.4215
a6ec5f50-aa66-4ad4-8b97-10a6f9eacaad,quero uma aba pra ler todos os comentários,Secom,0.0
a6ec5f50-aa66-4ad4-8b97-10a6f9eacaad,minicurso de ética muito bom,Etica,0.4588
a6ec5f50-aa66-4ad4-8b97-10a6f9eacaad,minicurso de ética muito bom,Minicurso,0.4588
a6ec5f50-aa66-4ad4-8b97-10a6f9eacaad,ansiosa para o coffee break,Break,-0.1531
a6ec5f50-aa66-4ad4-8b97-10a6f9eacaad,ansiosa para o coffee break,Coffee,-0.1531
a6ec5f50-aa66-4ad4-8b97-10a6f9eacaad,o encerramento,Encerramento,-0.128
b843c3db-fc8f-45a6-8322-19b87391fa20,estou adorando o mini curso de docker ❣,Docker,0.3818
b843c3db-fc8f-45a6-8322-19b87391fa20,estou adorando o mini curso de docker ❣,Curso,0.3818
b843c3db-fc8f-45a6-8322-19b87391fa20,estou adorando o mini curso de docker ❣,Minicurso,0.3818
b843c3db-fc8f-45a6-8322-19b87391fa20,todos os coffee-breaks foram incríveis,Coffee,0.6705
00928f04-9790-4159-aa82-47f636c3ba86,coffe break é ótimo,Coffe,0.6705
02af807d-7123-444e-b61e-89eaf92be60f,cursos muito interessante,Curso,0.4019
02af807d-7123-444e-b61e-89eaf92be60f,boraaaa,Boraaaa,0.0
a5551753-5cda-4641-bc94-7d92707ef19c,"minicurso de arquitetura de software, quando",Programacao,0.0
a5551753-5cda-4641-bc94-7d92707ef19c,"minicurso de arquitetura de software, quando",Arquitetura,0.0
a5551753-5cda-4641-bc94-7d92707ef19c,"minicurso de arquitetura de software, quando",Minicurso,0.0
f436cb6f-b331-4a0c-ba41-567a1f74ef05,"teve ate figurinha no minicurso, muito bom",Minicurso,0.4588
f436cb6f-b331-4a0c-ba41-567a1f74ef05,esse biscoito doce do coffee break hoje tava muito massa,Break,0.7579
f436cb6f-b331-4a0c-ba41-567a1f74ef05,esse biscoito doce do coffee break hoje tava muito massa,Coffee,0.7579
f436cb6f-b331-4a0c-ba41-567a1f74ef05,esse biscoito doce do coffee break hoje tava muito massa,Almoco,0.7579
f436cb6f-b331-4a0c-ba41-567a1f74ef05,espero ganhar algo nos sorteios,Secom,0.5859
5bc436a4-ec67-4216-87a7-d9152877d21f,adorando o minicurso de ia,Minicurso,0.3818
7d582411-e617-4105-8edf-bca7ee066eca,tô gostando bastante do mini curso de bootcamp,Bootcamp,0.0
7d582411-e617-4105-8edf-bca7ee066eca,tô gostando bastante do mini curso de bootcamp,Curso,0.0
7d582411-e617-4105-8edf-bca7ee066eca,tô gostando bastante do mini curso de bootcamp,Minicurso,0.0
7d582411-e617-4105-8edf-bca7ee066eca,gostei bastante da escolha dos minicursos,Escolha,0.4215
7d582411-e617-4105-8edf-bca7ee066eca,gostei bastante da escolha dos minicursos,Minicurso,0.4215
91c06250-9999-4019-95bb-12b3cfebb7ca,"curso de docker incrível, joão super carismático",Docker,0.8555
91c06250-9999-4019-95bb-12b3cfebb7ca,"curso de docker incrível, joão super carismático",Secom,0.8555
91c06250-9999-4019-95bb-12b3cfebb7ca,"curso de docker incrível, joão super carismático",Curso,0.8555
dffbacba-f52d-4fe2-b24e-52d4795954d5,minicursos incriveis,Minicurso,0.6705
219bdf7f-fa3a-4d8f-9e33-b83980cc7afb,cara gente fina aqui no docker tá,Secom,0.0
219bdf7f-fa3a-4d8f-9e33-b83980cc7afb,cara gente fina aqui no docker tá,Docker,0.0
219bdf7f-fa3a-4d8f-9e33-b83980cc7afb,cofe breakequi,Trabalho,0.0
219bdf7f-fa3a-4d8f-9e33-b83980cc7afb,hj sai eu lá no sorteio ta,Secom,0.3818
dffbacba-f52d-4fe2-b24e-52d4795954d5,aprendendo muito na secom,Secom,0.0
dffbacba-f52d-4fe2-b24e-52d4795954d5,coffe break muito bom,Coffe,0.4588
dffbacba-f52d-4fe2-b24e-52d4795954d5,ansioso para os sorteios,Secom,0.2263
c9e2374f-bf33-4003-b871-6ecb5ae22aee,esses coffee break estão muito bons,Break,0.4588
c9e2374f-bf33-4003-b871-6ecb5ae22aee,esses coffee break estão muito bons,Coffee,0.4588
c922b921-1305-4fe3-b76c-649887d97eb4,coffe break show,Coffe,0.5423
c922b921-1305-4fe3-b76c-649887d97eb4,a sexta poderia comeca6um pouco mais tarde,Semana,0.0
c922b921-1305-4fe3-b76c-649887d97eb4,professores da noite também poderiam liberar para secom,Noite,-0.1531
c922b921-1305-4fe3-b76c-649887d97eb4,professores da noite também poderiam liberar para secom,Professores,-0.1531
c922b921-1305-4fe3-b76c-649887d97eb4,em geral foi ótimo,Gpu,0.6705
43aca24c-d788-497e-8521-06df728eeaf8,esse cafezinho nesse friozinho foi cirúrgico,Frio,0.0
43aca24c-d788-497e-8521-06df728eeaf8,esse cafezinho nesse friozinho foi cirúrgico,Coffee,0.0
43aca24c-d788-497e-8521-06df728eeaf8,melhor minicurso >>> smart contract,Minicurso,0.4404
8b532002-32a9-47b8-a068-f68ebed037cd,subestimaram o minicurso de comandos linux do eduardo,Secom,0.0
8b532002-32a9-47b8-a068-f68ebed037cd,subestimaram o minicurso de comandos linux do eduardo,Linux,0.0
8b532002-32a9-47b8-a068-f68ebed037cd,subestimaram o minicurso de comandos linux do eduardo,Minicurso,0.0
8b532002-32a9-47b8-a068-f68ebed037cd,tamo aprendendo muito,Secom,0.0
8b532002-32a9-47b8-a068-f68ebed037cd,professores da noite poderiam liberar pra secom²,Secom²,0.0
8b532002-32a9-47b8-a068-f68ebed037cd,professores da noite poderiam liberar pra secom²,Noite,0.0
8b532002-32a9-47b8-a068-f68ebed037cd,professores da noite poderiam liberar pra secom²,Professores,0.0
7568d4e3-7c42-4c07-9246-161f8f144017,compiladores é o maior terror deste curso kkkkk,Compiladores,0.2023
7568d4e3-7c42-4c07-9246-161f8f144017,compiladores é o maior terror deste curso kkkkk,Terror,0.2023
7568d4e3-7c42-4c07-9246-161f8f144017,compiladores é o maior terror deste curso kkkkk,Curso,0.2023
7568d4e3-7c42-4c07-9246-161f8f144017,"ótimos coffee breaks, o café está sempre muito bom",Secom,0.8176
7568d4e3-7c42-4c07-9246-161f8f144017,"ótimos coffee breaks, o café está sempre muito bom",Coffee,0.8176
8b532002-32a9-47b8-a068-f68ebed037cd,"verdade né, será que a internet vai funcionar durante o encerramento",Secom,0.2023
8b532002-32a9-47b8-a068-f68ebed037cd,"verdade né, será que a internet vai funcionar durante o encerramento",Internet,0.2023
8b532002-32a9-47b8-a068-f68ebed037cd,"verdade né, será que a internet vai funcionar durante o encerramento",Encerramento,0.2023
d0881343-b903-4573-aee3-c821f2e201de,podia ter prêmio pro quarto,Pro,0.5106
d0881343-b903-4573-aee3-c821f2e201de,podia ter prêmio pro quarto,Premios,0.5106
d0881343-b903-4573-aee3-c821f2e201de,quinto lugar,Secom,0.0
30a1d1e4-da0d-4f67-9908-6bc16a47ebc4,ouvi falar bem do minicurso de ia,Minicurso,0.2732
30a1d1e4-da0d-4f67-9908-6bc16a47ebc4,ouvi falar bem do minicurso de docker,Docker,0.2732
30a1d1e4-da0d-4f67-9908-6bc16a47ebc4,ouvi falar bem do minicurso de docker,Minicurso,0.2732
30a1d1e4-da0d-4f67-9908-6bc16a47ebc4,ouvi falar bem do minicurso da nvidia,Nvidia,0.2732
30a1d1e4-da0d-4f67-9908-6bc16a47ebc4,ouvi falar bem do minicurso da nvidia,Minicurso,0.2732
f89542a1-a135-47ef-879d-0bfa3b345d80,coffee breaks excelentes,Coffee,0.0
f89542a1-a135-47ef-879d-0bfa3b345d80,minicurso excepcional,Minicurso,0.6124
f89542a1-a135-47ef-879d-0bfa3b345d80,enriquecedor,Valorant,0.0
32724cee-7c33-4b98-a90c-4d0203f9d84a,tô ficando sem ideia para comentário,Possibilidades,-0.5423
32724cee-7c33-4b98-a90c-4d0203f9d84a,fim uma cripto moedas chamada aura,Aura,0.0
32724cee-7c33-4b98-a90c-4d0203f9d84a,fim uma cripto moedas chamada aura,Moedas,0.0
32724cee-7c33-4b98-a90c-4d0203f9d84a,fim uma cripto moedas chamada aura,Encerramento,0.0
32724cee-7c33-4b98-a90c-4d0203f9d84a,agora tenho muita aura,Aura,0.0
4a38eef3-4375-45b4-b386-649cb518c20b,nossa o cursor de docker é mito legal,Docker,0.128
4a38eef3-4375-45b4-b386-649cb518c20b,nossa o cursor de docker é mito legal,Pessoas,0.128
4a38eef3-4375-45b4-b386-649cb518c20b,nossa o cursor de docker é mito legal,Cursor,0.128
700f7b0c-46a5-4f88-b605-7015d0660e2b,ótimos minicursos,Secom,0.6705
700f7b0c-46a5-4f88-b605-7015d0660e2b,bom conteúdo,Secom,0.4588
a5551753-5cda-4641-bc94-7d92707ef19c,o minicurso de gpu precisa voltar ano que vem,Gpu,0.0
a5551753-5cda-4641-bc94-7d92707ef19c,o minicurso de gpu precisa voltar ano que vem,Minicurso,0.0
226440c8-ce0c-42b8-a37b-8435e915955d,adororando o mini curso,Curso,0.0
226440c8-ce0c-42b8-a37b-8435e915955d,adororando o mini curso,Minicurso,0.0
226440c8-ce0c-42b8-a37b-8435e915955d,ansiosa para o encerramento,Encerramento,-0.2732
b843c3db-fc8f-45a6-8322-19b87391fa20,"muito bom o mini curso, pena que é pouco tempo",Secom,0.2023
b843c3db-fc8f-45a6-8322-19b87391fa20,"muito bom o mini curso, pena que é pouco tempo",Curso,0.2023
b843c3db-fc8f-45a6-8322-19b87391fa20,"muito bom o mini curso, pena que é pouco tempo",Minicurso,0.2023
b843c3db-fc8f-45a6-8322-19b87391fa20,"muito bom o mini curso, pena que é pouco tempo",Tarde,0.2023
96a82185-2b89-4f00-9bf9-ab5b2fa5c8ce,a palestra de docker é muito boa,Docker,0.4588
96a82185-2b89-4f00-9bf9-ab5b2fa5c8ce,a palestra de docker é muito boa,Palestras,0.4588
98d481f0-cfc5-4976-9bfb-61e179be6958,curso de engenharia de dados está muito bom,Data,0.4588
98d481f0-cfc5-4976-9bfb-61e179be6958,curso de engenharia de dados está muito bom,Curso,0.4588
98d481f0-cfc5-4976-9bfb-61e179be6958,curso de engenharia de dados está muito bom,Projeto,0.4588
d0881343-b903-4573-aee3-c821f2e201de,gostaria que tivesse mais tempo de mini curso,Curso,0.0
d0881343-b903-4573-aee3-c821f2e201de,gostaria que tivesse mais tempo de mini curso,Minicurso,0.0
d0881343-b903-4573-aee3-c821f2e201de,gostaria que tivesse mais tempo de mini curso,Tarde,0.0
f89542a1-a135-47ef-879d-0bfa3b345d80,alimentação nota 10,Secom,0.0
f89542a1-a135-47ef-879d-0bfa3b345d80,alimentação nota 10,Nota,0.0
96a82185-2b89-4f00-9bf9-ab5b2fa5c8ce,o palestrante do curso de docker é muito bom chamem ele de novo,Docker,0.4588
96a82185-2b89-4f00-9bf9-ab5b2fa5c8ce,o palestrante do curso de docker é muito bom chamem ele de novo,Curso,0.4588
96a82185-2b89-4f00-9bf9-ab5b2fa5c8ce,o palestrante do curso de docker é muito bom chamem ele de novo,Palestras,0.4588
96a82185-2b89-4f00-9bf9-ab5b2fa5c8ce,o palestrante do curso de docker é muito bom chamem ele de novo,Novo,0.4588
b843c3db-fc8f-45a6-8322-19b87391fa20,ajudando muito a fazer uma secom ainda melhor,Secom,0.6249
226440c8-ce0c-42b8-a37b-8435e915955d,quero saber o resultado da gamejan,Gamejam,0.0
226440c8-ce0c-42b8-a37b-8435e915955d,quero saber o resultado da gamejan,Resultado,0.0
96a82185-2b89-4f00-9bf9-ab5b2fa5c8ce,estou na espera pelos sorteios no final da secom,Secom,0.0
96a82185-2b89-4f00-9bf9-ab5b2fa5c8ce,estou na espera pelos sorteios no final da secom,Encerramento,0.0
96a82185-2b89-4f00-9bf9-ab5b2fa5c8ce,estou na espera pelos sorteios no final da secom,Espera,0.0
96a82185-2b89-4f00-9bf9-ab5b2fa5c8ce,qual serão os prêmios sorteados na secom hj,Premios,0.4588
47cacf3f-e0f2-421b-a645-5e0efd6cc615,o joão do minicurso de docker é muito foda,Secom,0.6705
47cacf3f-e0f2-421b-a645-5e0efd6cc615,o joão do minicurso de docker é muito foda,Foda,0.6705
47cacf3f-e0f2-421b-a645-5e0efd6cc615,o joão do minicurso de docker é muito foda,Docker,0.6705
47cacf3f-e0f2-421b-a645-5e0efd6cc615,o joão do minicurso de docker é muito foda,Minicurso,0.6705
99899b5a-eb3d-4d67-a64f-a143f824a709,o minicurso de linux deveria ser parte do currículo do curso,Secom,0.0
99899b5a-eb3d-4d67-a64f-a143f824a709,o minicurso de linux deveria ser parte do currículo do curso,Curso,0.0
99899b5a-eb3d-4d67-a64f-a143f824a709,o minicurso de linux deveria ser parte do currículo do curso,Linux,0.0
99899b5a-eb3d-4d67-a64f-a143f824a709,o minicurso de linux deveria ser parte do currículo do curso,Minicurso,0.0
99899b5a-eb3d-4d67-a64f-a143f824a709,"essencial, extremamente útil já desde o segundo período",Periodos,0.4927
43aca24c-d788-497e-8521-06df728eeaf8,poderia ter mais 30 minutinhos o almoço,Minicurso,0.0
43aca24c-d788-497e-8521-06df728eeaf8,poderia ter mais 30 minutinhos o almoço,Almoco,0.0
19f49226-5a60-463b-85d3-ac562e4eddc4,"dudu antunes é o goat dos minicursos, uma lenda",Secom,0.0
19f49226-5a60-463b-85d3-ac562e4eddc4,"dudu antunes é o goat dos minicursos, uma lenda",Goat,0.0
19f49226-5a60-463b-85d3-ac562e4eddc4,"dudu antunes é o goat dos minicursos, uma lenda",Antunes,0.0
19f49226-5a60-463b-85d3-ac562e4eddc4,"dudu antunes é o goat dos minicursos, uma lenda",Minicurso,0.0
9ac1b61d-2b3d-4c00-9a56-6a31d2be082b,muitíssimo bom o minicurso do smart contract,Contract,0.4588
9ac1b61d-2b3d-4c00-9a56-6a31d2be082b,muitíssimo bom o minicurso do smart contract,Smart,0.4588
9ac1b61d-2b3d-4c00-9a56-6a31d2be082b,muitíssimo bom o minicurso do smart contract,Minicurso,0.4588
19f49226-5a60-463b-85d3-ac562e4eddc4,minicurso de dados muito maneiro,Data,0.0
19f49226-5a60-463b-85d3-ac562e4eddc4,minicurso de dados muito maneiro,Minicurso,0.0
9ac1b61d-2b3d-4c00-9a56-6a31d2be082b,alguem quer um nft,Nft,0.0772
19f49226-5a60-463b-85d3-ac562e4eddc4,animado pra premiação,Secom,0.4404
9ac1b61d-2b3d-4c00-9a56-6a31d2be082b,aceito doação de etherium ou bitcoin,Doacao,0.0
9ac1b61d-2b3d-4c00-9a56-6a31d2be082b,aceito doação de etherium ou bitcoin,Etherium,0.0
913cf695-2ce7-40c2-a996-ce8bff7ee32c,já estou ansiosa pra secom de 2026,Secom,0.0
19f49226-5a60-463b-85d3-ac562e4eddc4,anisoso pro resultado da gamejam,Gamejam,0.0
19f49226-5a60-463b-85d3-ac562e4eddc4,anisoso pro resultado da gamejam,Resultado,0.0
daac9055-17a0-4775-bb21-9c0add9d45ec,muito bom os minicursos,Minicurso,0.4588
913cf695-2ce7-40c2-a996-ce8bff7ee32c,o minicurso de data science está incrível,Data,0.6705
913cf695-2ce7-40c2-a996-ce8bff7ee32c,o minicurso de data science está incrível,Minicurso,0.6705
daac9055-17a0-4775-bb21-9c0add9d45ec,secom melhor semana,Semana,0.4404
ef513315-04b4-49b0-ae60-0cfd18608054,ótimo minicurso,Minicurso,0.6705
daac9055-17a0-4775-bb21-9c0add9d45ec,ansiosa pelos resultados das competições,Competicoes,0.0
daac9055-17a0-4775-bb21-9c0add9d45ec,ansiosa pelos resultados das competições,Resultado,0.0
d51c3bbb-185b-4a34-848a-607621bd7cc2,melhor minicurso data science com gpu,Gpu,0.4404
d51c3bbb-185b-4a34-848a-607621bd7cc2,melhor minicurso data science com gpu,Minicurso,0.4404
c9e2374f-bf33-4003-b871-6ecb5ae22aee,quero só ver o último coffee break 🤭,Break,0.0
c9e2374f-bf33-4003-b871-6ecb5ae22aee,quero só ver o último coffee break 🤭,Coffee,0.0
f89542a1-a135-47ef-879d-0bfa3b345d80,ministrações dos minicursos são incrivelmente capacitados,Secom,0.0
f89542a1-a135-47ef-879d-0bfa3b345d80,ministrações dos minicursos são incrivelmente capacitados,Minicurso,0.0
34c8353a-bcb4-4553-8c2d-fac1c5311ccd,minicurso de muito aprendizado,Minicurso,0.0
34c8353a-bcb4-4553-8c2d-fac1c5311ccd,muito boa organização,Secom,0.4588
43aca24c-d788-497e-8521-06df728eeaf8,arquitetura insana de contratos inteligentes,Contract,0.3818
43aca24c-d788-497e-8521-06df728eeaf8,arquitetura insana de contratos inteligentes,Arquitetura,0.3818
43aca24c-d788-497e-8521-06df728eeaf8,ansioso pro resultado da maratona,Maratona,0.3612
43aca24c-d788-497e-8521-06df728eeaf8,ansioso pro resultado da maratona,Resultado,0.3612
db9bfd41-6887-42b5-af12-0353800ae182,gostei das palestras,Palestras,0.4215
db9bfd41-6887-42b5-af12-0353800ae182,podia até ter mais palestras,Palestras,0.0
226440c8-ce0c-42b8-a37b-8435e915955d,ja quero o coffee-break kkkkkkkkkk,Coffee,0.0
db9bfd41-6887-42b5-af12-0353800ae182,gostei da secom,Secom,0.4215
34c8353a-bcb4-4553-8c2d-fac1c5311ccd,"patrocínio da breadlife, uma das melhores parcerias",Parcerias,0.0
34c8353a-bcb4-4553-8c2d-fac1c5311ccd,"patrocínio da breadlife, uma das melhores parcerias",Valorant,0.0
34c8353a-bcb4-4553-8c2d-fac1c5311ccd,"patrocínio da breadlife, uma das melhores parcerias",Breadlife,0.0
070db213-148d-45f2-8d8a-a0533d8ed2b1,bem interessante os mini cursos,Minicurso,0.5859
070db213-148d-45f2-8d8a-a0533d8ed2b1,poderiam disponibilizar os materiais utilizados,Materiais,0.0
070db213-148d-45f2-8d8a-a0533d8ed2b1,poderiam disponibilizar os materiais utilizados,Pro,0.0
3e72f254-acab-4aec-ad73-bf9dff9c21ad,muito bom os minicursos,Minicurso,0.4588
3e72f254-acab-4aec-ad73-bf9dff9c21ad,ansiosa pelos resultados,Resultado,0.0
2841ae4b-ef6a-4661-94a3-9777a70ec034,mini curso da nvidia muito bem apresentado,Nvidia,0.2732
2841ae4b-ef6a-4661-94a3-9777a70ec034,mini curso da nvidia muito bem apresentado,Curso,0.2732
2841ae4b-ef6a-4661-94a3-9777a70ec034,o professor do curso da gpu é muito bem preparado sobre o assunto,Secom,0.4588
2841ae4b-ef6a-4661-94a3-9777a70ec034,o professor do curso da gpu é muito bem preparado sobre o assunto,Curso,0.4588
2841ae4b-ef6a-4661-94a3-9777a70ec034,o professor do curso da gpu é muito bem preparado sobre o assunto,Professores,0.4588
2841ae4b-ef6a-4661-94a3-9777a70ec034,o professor do curso da gpu é muito bem preparado sobre o assunto,Gpu,0.4588
91c06250-9999-4019-95bb-12b3cfebb7ca,incrível o minicurso de docker,Docker,0.6705
91c06250-9999-4019-95bb-12b3cfebb7ca,incrível o minicurso de docker,Minicurso,0.6705
91c06250-9999-4019-95bb-12b3cfebb7ca,"feliz em saber que ainda terá mais dias de secom, além dessa semana",Secom,0.6249
91c06250-9999-4019-95bb-12b3cfebb7ca,"feliz em saber que ainda terá mais dias de secom, além dessa semana",Semana,0.6249
8b532002-32a9-47b8-a068-f68ebed037cd,tá osso,Opcao,0.0
f89542a1-a135-47ef-879d-0bfa3b345d80,os temas dos minicursos são muito inovadores,Secom,0.0
f89542a1-a135-47ef-879d-0bfa3b345d80,os temas dos minicursos são muito inovadores,Minicurso,0.0
f89542a1-a135-47ef-879d-0bfa3b345d80,os temas dos minicursos são muito inovadores,Criativas,0.0
f89542a1-a135-47ef-879d-0bfa3b345d80,interessantes,Interessantes,0.0
91c06250-9999-4019-95bb-12b3cfebb7ca,"ansioso para ver os resultados da game jam, fiquei sabendo que o pessoal nem dormiu kkkkk",Secom,0.0772
91c06250-9999-4019-95bb-12b3cfebb7ca,"ansioso para ver os resultados da game jam, fiquei sabendo que o pessoal nem dormiu kkkkk",Gamejam,0.0772
91c06250-9999-4019-95bb-12b3cfebb7ca,"ansioso para ver os resultados da game jam, fiquei sabendo que o pessoal nem dormiu kkkkk",Pessoas,0.0772
91c06250-9999-4019-95bb-12b3cfebb7ca,"ansioso para ver os resultados da game jam, fiquei sabendo que o pessoal nem dormiu kkkkk",Resultado,0.0772
98d481f0-cfc5-4976-9bfb-61e179be6958,coffee break tá muito bom,Break,0.4588
f436cb6f-b331-4a0c-ba41-567a1f74ef05,"vim procurando docker,",Docker,0.0
667d742e-3fdf-457b-b63c-7a8befc9bee4,o minicurso de docker foi ótimo,Docker,0.6705
667d742e-3fdf-457b-b63c-7a8befc9bee4,o minicurso de docker foi ótimo,Minicurso,0.6705
9764ca16-8169-496a-86f2-8b5413a49083,minicurso excelente,Minicurso,0.6249
47cacf3f-e0f2-421b-a645-5e0efd6cc615,tinha safados usando extensão pra ganhar no kahoot hoje do minicurso,Secom,0.5859
47cacf3f-e0f2-421b-a645-5e0efd6cc615,tinha safados usando extensão pra ganhar no kahoot hoje do minicurso,Minicurso,0.5859
47cacf3f-e0f2-421b-a645-5e0efd6cc615,vagabundos kkkkkkk,Secom,0.0
4a38eef3-4375-45b4-b386-649cb518c20b,muito bom os minicursos,Minicurso,0.4588
4a38eef3-4375-45b4-b386-649cb518c20b,queria ter feito o curso de gpu,Gpu,0.0
4a38eef3-4375-45b4-b386-649cb518c20b,queria ter feito o curso de gpu,Curso,0.0
66333d64-e1a9-407d-b5ec-e97640fc0bfc,"muito bom esse minicurso, palestrante sabe muito sobre o tema",Secom,0.4588
66333d64-e1a9-407d-b5ec-e97640fc0bfc,"muito bom esse minicurso, palestrante sabe muito sobre o tema",Minicurso,0.4588
f89542a1-a135-47ef-879d-0bfa3b345d80,ufv é uma mãe,Mae,0.0
9cd6db67-067e-45e7-8db9-db3f3a10afc6,minicurso de docker muito top,Docker,0.6124
9cd6db67-067e-45e7-8db9-db3f3a10afc6,minicurso de docker muito top,Minicurso,0.6124
e7beddd6-a427-4574-9b82-87ccdf34a101,o minicurso de docker foi muito bom,Docker,0.4588
e7beddd6-a427-4574-9b82-87ccdf34a101,o minicurso de docker foi muito bom,Minicurso,0.4588
9aa2b218-1ce5-4019-8e59-cefd44bc9866,que minicurso,Minicurso,0.0
f89542a1-a135-47ef-879d-0bfa3b345d80,ansioso pelos sorteios,Secom,0.3612
f89542a1-a135-47ef-879d-0bfa3b345d80,"comi bastante, nota 10",Nota,0.0
f89542a1-a135-47ef-879d-0bfa3b345d80,almoço bacana a com pão de queijo,Queijo,0.0
f89542a1-a135-47ef-879d-0bfa3b345d80,almoço bacana a com pão de queijo,Pao,0.0
f89542a1-a135-47ef-879d-0bfa3b345d80,almoço bacana a com pão de queijo,Almoco,0.0
9cd6db67-067e-45e7-8db9-db3f3a10afc6,quero ganhar um brinde hehehe,Secom,0.7184
a5551753-5cda-4641-bc94-7d92707ef19c,os minicursos estavam muito bons,Minicurso,0.4588
9cd6db67-067e-45e7-8db9-db3f3a10afc6,tinha que dá pra fazer mais de 1 minicurso de tão bom,Minicurso,0.5095
86cb75a4-c315-4d9a-9289-8ea110fc8799,interessante o mini curso,Curso,0.4019
86cb75a4-c315-4d9a-9289-8ea110fc8799,interessante o mini curso,Minicurso,0.4019
a5551753-5cda-4641-bc94-7d92707ef19c,ótima secom,Tarde,0.6705
86cb75a4-c315-4d9a-9289-8ea110fc8799,ansioso para o sorteio,Secom,0.5423
9cd6db67-067e-45e7-8db9-db3f3a10afc6,"achei legal de participar dela comissão, tava top a secom",Secom,0.6705
1a2cfcd0-081c-413f-b184-3104f229f33d,oii,Secom,0.0
7064b0be-2b69-4b72-b749-c7057e244714,gostei muito do minicurso,Minicurso,0.4215
2841ae4b-ef6a-4661-94a3-9777a70ec034,os brindes estão absurdos,Secom,0.4215
667d742e-3fdf-457b-b63c-7a8befc9bee4,animado pra ver quem vai ganhar a maratona,Maratona,0.7717
7568d4e3-7c42-4c07-9246-161f8f144017,ótimo mini curso,Curso,0.6705
7568d4e3-7c42-4c07-9246-161f8f144017,ótimo mini curso,Minicurso,0.6705
e7beddd6-a427-4574-9b82-87ccdf34a101,excelente trabalho,Trabalho,0.6249
7568d4e3-7c42-4c07-9246-161f8f144017,ansioso para os brindes,Secom,0.5719
3d6d0870-4d2b-4b19-942d-fa56cf8cbad9,o minicurso de blockchain foi maravilhoso,Blockchain,0.6705
3d6d0870-4d2b-4b19-942d-fa56cf8cbad9,o minicurso de blockchain foi maravilhoso,Minicurso,0.6705
3d6d0870-4d2b-4b19-942d-fa56cf8cbad9,temas muito interessantes dos minicursos,Secom,0.0
3d6d0870-4d2b-4b19-942d-fa56cf8cbad9,temas muito interessantes dos minicursos,Minicurso,0.0
3d6d0870-4d2b-4b19-942d-fa56cf8cbad9,organização muito boa,Secom,0.4588
47cacf3f-e0f2-421b-a645-5e0efd6cc615,glaucia me tirou da dieta,Fome,0.0
47cacf3f-e0f2-421b-a645-5e0efd6cc615,glaucia me tirou da dieta,Glaucia,0.0
ad08e116-810d-4533-a7c6-9782fcb55f6d,ótimo curso,Curso,0.6705
ad08e116-810d-4533-a7c6-9782fcb55f6d,excelentes lanches,Lanches,0.0
ad08e116-810d-4533-a7c6-9782fcb55f6d,coffee break,Break,0.0
1a2cfcd0-081c-413f-b184-3104f229f33d,joia,Secom,0.3612
1a2cfcd0-081c-413f-b184-3104f229f33d,simistro,Secom,0.0
7064b0be-2b69-4b72-b749-c7057e244714,os comentários nao estão atualizando nas missões,Secom,-0.296
7064b0be-2b69-4b72-b749-c7057e244714,ansioso pro sorteio,Secom,0.6249
7064b0be-2b69-4b72-b749-c7057e244714,ansioso pro sorteio,Pro,0.6249
50ab66a7-9677-44ec-b7d4-be69f3d11d87,mt boa a secom,Secom,0.4588
50ab66a7-9677-44ec-b7d4-be69f3d11d87,mt bom o coffee break,Break,0.4588
50ab66a7-9677-44ec-b7d4-be69f3d11d87,mt bom o coffee break,Coffee,0.4588
61070f87-e362-47bc-b690-aa075a9fd9b7,mine curso agregou muito,Curso,0.0
db9bfd41-6887-42b5-af12-0353800ae182,boa palestra,Palestras,0.4588
09a5e729-ec44-4c1b-b9b3-d01701ef2e51,palestras bem trabalhadas,Palestras,0.2732
09a5e729-ec44-4c1b-b9b3-d01701ef2e51,boa maratona,Maratona,0.4588
09a5e729-ec44-4c1b-b9b3-d01701ef2e51,boa gamejam,Gamejam,0.4588
99899b5a-eb3d-4d67-a64f-a143f824a709,coffee break da tarde foi o melhor de todas as secoms,Secom,0.4404
99899b5a-eb3d-4d67-a64f-a143f824a709,coffee break da tarde foi o melhor de todas as secoms,Break,0.4404
99899b5a-eb3d-4d67-a64f-a143f824a709,coffee break da tarde foi o melhor de todas as secoms,Tarde,0.4404
99899b5a-eb3d-4d67-a64f-a143f824a709,parabéns aos envolvidos 👏👏👏,Secom,0.5994
40e23675-8f02-4354-a49c-3a3e0f6c2687,obrigado por este momento,Tarde,0.4404
667d742e-3fdf-457b-b63c-7a8befc9bee4,animado pra ver os jogos da gamejam,Gamejam,0.4404
09a5e729-ec44-4c1b-b9b3-d01701ef2e51,maratona perfeita,Maratona,0.6705
09a5e729-ec44-4c1b-b9b3-d01701ef2e51,ótimos minicursos,Secom,0.6705
40e23675-8f02-4354-a49c-3a3e0f6c2687,precisamos de mais eventos assim,Eventos,0.0
40e23675-8f02-4354-a49c-3a3e0f6c2687,melhor evento de computação que já participei na vida,Computacao,0.4404
40e23675-8f02-4354-a49c-3a3e0f6c2687,melhor evento de computação que já participei na vida,Vida,0.4404
40e23675-8f02-4354-a49c-3a3e0f6c2687,muito agradecido a organização,Secom,0.4404
40e23675-8f02-4354-a49c-3a3e0f6c2687,os minicursos foram muito bons,Minicurso,0.4588
40e23675-8f02-4354-a49c-3a3e0f6c2687,gostei muito da camiseta,Camisa,0.4215
00928f04-9790-4159-aa82-47f636c3ba86,minicurso divertid,Minicurso,0.0
00928f04-9790-4159-aa82-47f636c3ba86,tttt,Tttt,0.0
99899b5a-eb3d-4d67-a64f-a143f824a709,vivi o suficiente para ver o guto gerado por ia se transformando em cavalo,Secom,-0.1531
99899b5a-eb3d-4d67-a64f-a143f824a709,vivi o suficiente para ver o guto gerado por ia se transformando em cavalo,Falta,-0.1531
99899b5a-eb3d-4d67-a64f-a143f824a709,vivi o suficiente para ver o guto gerado por ia se transformando em cavalo,Cavalo,-0.1531
070db213-148d-45f2-8d8a-a0533d8ed2b1,sacanagem esse podium aí em,Podium,-0.4215
070db213-148d-45f2-8d8a-a0533d8ed2b1,tatu bolinha merecia no mínimo podium,Secom,0.0
070db213-148d-45f2-8d8a-a0533d8ed2b1,tatu bolinha merecia no mínimo podium,Minicurso,0.0
070db213-148d-45f2-8d8a-a0533d8ed2b1,tatu bolinha merecia no mínimo podium,Podium,0.0
